id,classification_id,annotation,workflow_id,user_id,subject_id,event_time,gravityspy_id,ifo,main_channel_name,event_generator,annotation_channel_names,hveto_round_number
1,435720898,{},21793,1455701,79008488,1262795817.9375,safmZSDyRNQfjee9KmfU,H1,H1:GDS-CALIB_STRAIN,None,{},1
2,435721122,{},21793,1455701,79008486,1262814241.4375,v7PTMKTSIX3bfo5EJVvB,H1,H1:GDS-CALIB_STRAIN,None,{},1
3,430340642,"{1,2}",21793,2450285,79008488,1262795817.9375,safmZSDyRNQfjee9KmfU,H1,H1:GDS-CALIB_STRAIN,None,"{H1:ASC-AS_A_RF45_Q_YAW_OUT_DQ,H1:LSC-POP_A_LF_OUT_DQ}",1
4,431239630,{0},21793,2450285,79008493,1262799565.9375,3nsITzWw9ot74zToHMIL,H1,H1:GDS-CALIB_STRAIN,None,{H1:ASC-Y_TR_A_NSUM_OUT_DQ},1
5,420761483,{},21793,1455701,76084812,1262362726.441406,SaSaYE0vmRU1UlAJ0s7H,L1,L1:GDS-CALIB_STRAIN,None,{},10
6,420761578,"{0,1,2}",21793,1455701,76083611,1262812147.8125,07XNRh8OSocwbXd878nE,H1,H1:GDS-CALIB_STRAIN,None,"{H1:ASC-Y_TR_A_NSUM_OUT_DQ,H1:ASC-AS_A_RF45_I_YAW_OUT_DQ,H1:ASC-AS_A_RF45_I_PIT_OUT_DQ}",1
7,420761505,{},21793,1455701,76084394,1262812993.6875,ATQ54DRGPTZaYK6TyXBB,H1,H1:GDS-CALIB_STRAIN,None,{},2
8,420761597,{0},21793,1455701,76085177,1262385717.8125,6WzX83PTMownwhezxqjx,L1,L1:GDS-CALIB_STRAIN,None,{L1:SUS-ITMY_L3_OPLEV_YAW_OUT_DQ},4
9,420761620,{},21793,1455701,76085806,1262387100.9375,JOFto6WFQiVWC3e36fFo,L1,L1:GDS-CALIB_STRAIN,None,{},9
10,420761626,{},21793,1455701,76085116,1262806421.0625,vm8og8df2xxWNma15OhR,H1,H1:GDS-CALIB_STRAIN,None,{},8
11,420768487,"{0,2}",21793,2409581,76085178,1262385717.8125,6WzX83PTMownwhezxqjx,L1,L1:GDS-CALIB_STRAIN,None,"{L1:ASC-AS_A_RF45_Q_YAW_OUT_DQ,L1:IMC-IM4_TRANS_YAW_OUT_DQ}",4
12,420767915,{0},21793,2409581,76085808,1262382995.5625,MlQ7sCyJGvUYn289XyKw,L1,L1:GDS-CALIB_STRAIN,None,{L1:ASC-AS_A_RF45_Q_YAW_OUT_DQ},9
13,420767940,{},21793,2409581,76083627,1262369397.8125,ztwVE13tXs44gYTJZEsq,L1,L1:GDS-CALIB_STRAIN,None,{},1
14,420767969,{0},21793,2409581,76084839,1262814498.0625,MEYWc9tJC5spDlqbF6HZ,H1,H1:GDS-CALIB_STRAIN,None,{H1:ASC-AS_A_RF45_I_YAW_OUT_DQ},4
15,420768021,{1},21793,2409581,76084871,1262801604.4375,yOW0ZVuBu6dilRrmpo8H,H1,H1:GDS-CALIB_STRAIN,None,{H1:ASC-AS_A_RF45_I_YAW_OUT_DQ},5
16,420768112,"{0,1,2}",21793,2409581,76083603,1262814785.0625,AjH1ORLHMuX34N7P4Wlx,H1,H1:GDS-CALIB_STRAIN,None,"{H1:ASC-DHARD_Y_OUT_DQ,H1:ASC-AS_A_RF45_Q_YAW_OUT_DQ,H1:LSC-POP_A_LF_OUT_DQ}",1
17,420768525,"{0,1,2}",21793,2409581,76085179,1262383009.3125,00fUnVHhQrTCmYjmwlmI,L1,L1:GDS-CALIB_STRAIN,None,"{L1:ASC-X_TR_B_YAW_OUT_DQ,L1:ASC-X_TR_A_NSUM_OUT_DQ,L1:ASC-X_TR_B_PIT_OUT_DQ}",4
18,420768180,"{1,2}",21793,2409581,76085131,1262384627.875,4G1uNM91pAyldxPpl2lx,L1,L1:GDS-CALIB_STRAIN,None,"{L1:SUS-ITMX_L3_OPLEV_YAW_OUT_DQ,L1:SUS-ITMX_L3_OPLEV_PIT_OUT_DQ}",3
19,420768214,"{0,1,2}",21793,2409581,76083699,1262796022.3125,lV5MUbCjr4epVOsMz5l8,H1,H1:GDS-CALIB_STRAIN,None,"{H1:ASC-AS_A_RF45_Q_YAW_OUT_DQ,H1:ASC-Y_TR_A_NSUM_OUT_DQ,H1:ASC-AS_B_RF45_I_YAW_OUT_DQ}",2
20,420768234,{},21793,2409581,76084827,1262365125.8125,aNNlbPWuDsTH0BWQK6pg,L1,L1:GDS-CALIB_STRAIN,None,{},10
21,420768248,{},21793,2409581,76085092,1262794304.5625,J0RVIjKJ4oG53lRj3NaD,H1,H1:GDS-CALIB_STRAIN,None,{},8
22,420768259,{},21793,2409581,76085156,1262388759.4375,oBYh48vRBuw9o9BVHGY4,L1,L1:GDS-CALIB_STRAIN,None,{},4
23,420768292,{},21793,2409581,76085035,1262808097.3125,1jzof3bRTOP06d8q5MD5,H1,H1:GDS-CALIB_STRAIN,None,{},7
24,420768326,{0},21793,2409581,76085182,1262355363.1875,kKY40Zp7kWphXKImkMNg,L1,L1:GDS-CALIB_STRAIN,None,{L1:ASC-X_TR_A_NSUM_OUT_DQ},5
25,420768657,{},21793,2409581,76084697,1262808863.53125,CS4iFB9dur8sm7Ub5rnO,H1,H1:GDS-CALIB_STRAIN,None,{},3
26,420768364,{0},21793,2409581,76084835,1262798852.4375,6qRk9vBlq8ulaDvEm5h4,H1,H1:GDS-CALIB_STRAIN,None,{H1:ASC-AS_A_RF45_I_YAW_OUT_DQ},4
27,420768377,{},21793,2409581,76085121,1262371054.1875,HCIVBgB65RYaciJUWlws,L1,L1:GDS-CALIB_STRAIN,None,{},2
28,420768411,"{0,1,2}",21793,2409581,76083630,1262808811.4375,nGJmxDRH1ZhPAQo7JZcD,H1,H1:GDS-CALIB_STRAIN,None,"{H1:ASC-DHARD_Y_OUT_DQ,H1:ASC-AS_A_RF45_Q_YAW_OUT_DQ,H1:LSC-POP_A_LF_OUT_DQ}",1
29,420768426,{0},21793,2409581,76085197,1262354378.640625,wZS97IrwYoDesmaBFG9G,L1,L1:GDS-CALIB_STRAIN,None,{L1:ASC-X_TR_A_NSUM_OUT_DQ},5
30,420768572,{},21793,2409581,76085036,1262808097.3125,1jzof3bRTOP06d8q5MD5,H1,H1:GDS-CALIB_STRAIN,None,{},7
31,420768610,"{0,2}",21793,2409581,76085231,1262382188.9375,gXVesn71wNz7M8qZJf7L,L1,L1:GDS-CALIB_STRAIN,None,"{L1:LSC-MICH_IN1_DQ,L1:LSC-POP_A_RF45_Q_ERR_DQ}",6
32,420768667,{},21793,2409581,76085809,1262382995.5625,MlQ7sCyJGvUYn289XyKw,L1,L1:GDS-CALIB_STRAIN,None,{},9
33,420768629,{},21793,2409581,76085202,1262358400.375,ep3JxLoRZLjK5St7AUom,L1,L1:GDS-CALIB_STRAIN,None,{},5
34,420768740,{0},21793,2409581,76085069,1262792530.875,GMIOr7wspS2tlBwdaTc9,H1,H1:GDS-CALIB_STRAIN,None,{H1:ASC-AS_B_RF45_I_YAW_OUT_DQ},7
35,420768975,{},21793,2409581,76085072,1262385863.9375,335MCf07DRQl4pefJd2a,L1,L1:GDS-CALIB_STRAIN,None,{},2
36,420768777,{},21793,2409581,76085233,1262368351.5625,XO1fXR53D2WPfEv6D4CE,L1,L1:GDS-CALIB_STRAIN,None,{},6
37,420768809,"{0,1,2}",21793,2409581,76083610,1262812147.8125,07XNRh8OSocwbXd878nE,H1,H1:GDS-CALIB_STRAIN,None,"{H1:ASC-AS_A_RF45_Q_PIT_OUT_DQ,H1:ASC-DHARD_P_OUT_DQ,H1:ASC-AS_B_RF45_I_YAW_OUT_DQ}",1
38,420768836,"{0,2}",21793,2409581,76083969,1262794936.5625,bL100MWqJ0lOEgiOIJk9,H1,H1:GDS-CALIB_STRAIN,None,"{H1:ASC-AS_A_RF45_Q_YAW_OUT_DQ,H1:ASC-AS_B_RF45_I_YAW_OUT_DQ}",2
39,420768864,"{0,1}",21793,2409581,76085113,1262386000.9375,wrkNm0sfB6miFRdtT93A,L1,L1:GDS-CALIB_STRAIN,None,"{L1:ASC-X_TR_A_PIT_OUT_DQ,L1:ASC-X_TR_B_YAW_OUT_DQ}",2
40,420768897,{0},21793,2409581,76084848,1262807379.3125,ZLQ0VSYYNCThBAVifu1j,H1,H1:GDS-CALIB_STRAIN,None,{H1:ASC-AS_A_RF45_I_YAW_OUT_DQ},4
41,420768914,{},21793,2409581,76084867,1262357162.875,bIOiLRjODz8qGZVNpg0V,L1,L1:GDS-CALIB_STRAIN,None,{},10
42,420768944,"{0,2}",21793,2409581,76085813,1262390218.5625,mwde9M10jPdiTrVQ4laP,L1,L1:GDS-CALIB_STRAIN,None,"{L1:LSC-REFL_A_LF_OUT_DQ,L1:PSL-ISS_PDB_REL_OUT_DQ}",9
43,420769024,{1},21793,2409581,76085165,1262386986.6875,p9W38gbIWlEvtXScN88J,L1,L1:GDS-CALIB_STRAIN,None,{L1:LSC-REFL_A_LF_OUT_DQ},4
44,420769055,"{0,1}",21793,2409581,76084870,1262801604.4375,yOW0ZVuBu6dilRrmpo8H,H1,H1:GDS-CALIB_STRAIN,None,"{H1:ASC-AS_B_RF45_I_YAW_OUT_DQ,H1:ASC-AS_A_RF45_I_PIT_OUT_DQ}",5
45,420769072,{},21793,2409581,76085785,1262382328.0625,F2jFOtcNpHzW9NIoSkYD,L1,L1:GDS-CALIB_STRAIN,None,{},8
46,420769099,"{0,1,2}",21793,2409581,76085143,1262387383.9375,5bqt2lnllOsFgR1XD2oc,L1,L1:GDS-CALIB_STRAIN,None,"{L1:SUS-ITMX_L3_OPLEV_SUM_OUT_DQ,L1:SUS-ITMX_L3_OPLEV_YAW_OUT_DQ,L1:SUS-ITMX_L3_OPLEV_PIT_OUT_DQ}",3
47,420769157,"{0,1,2}",21793,2409581,76085735,1262384667.375,U1afilTWrtVngEgFYo8n,L1,L1:GDS-CALIB_STRAIN,None,"{L1:LSC-MICH_IN1_DQ,L1:LSC-POP_A_RF45_Q_ERR_DQ,L1:PSL-ISS_PDA_REL_OUT_DQ}",8
48,420769191,"{0,1,2}",21793,2409581,76084773,1262808558.5625,4kOEVjgeTJWtOVFsZLZK,H1,H1:GDS-CALIB_STRAIN,None,"{H1:ASC-AS_A_RF45_Q_PIT_OUT_DQ,H1:ASC-DHARD_P_OUT_DQ,H1:ASC-AS_A_RF45_Q_YAW_OUT_DQ}",3
49,420773564,{0},21793,1169509,76085108,1262371621.875,pUnejuHaVqJlSDtxiw3h,L1,L1:GDS-CALIB_STRAIN,None,{L1:ASC-X_TR_B_PIT_OUT_DQ},2
50,420773595,{},21793,1169509,76085788,1262382826.15625,YDuqA9GDNBoklSqoP5Fh,L1,L1:GDS-CALIB_STRAIN,None,{},9
51,420773611,{},21793,1169509,76084080,1262371874.8125,5cCBifrQrJipz21Sam5e,L1,L1:GDS-CALIB_STRAIN,None,{},1
52,420773662,"{0,1,2}",21793,1169509,76084404,1262812993.6875,ATQ54DRGPTZaYK6TyXBB,H1,H1:GDS-CALIB_STRAIN,None,"{H1:ASC-AS_A_RF45_Q_YAW_OUT_DQ,H1:ASC-Y_TR_A_NSUM_OUT_DQ,H1:ASC-AS_B_RF45_I_YAW_OUT_DQ}",2
53,420773669,{},21793,1169509,76085212,1262339608.0625,4x82FS4T7hdurUpmcQtS,L1,L1:GDS-CALIB_STRAIN,None,{},6
54,420773716,{},21793,1169509,76084831,1262798852.4375,6qRk9vBlq8ulaDvEm5h4,H1,H1:GDS-CALIB_STRAIN,None,{},4
55,420773842,{},21793,1169509,76085797,1262389697.1875,H8zvccTn8h5g4oURKnSg,L1,L1:GDS-CALIB_STRAIN,None,{},9
56,420773924,{},21793,1169509,76085014,1262389602.542968,n2FR8lyD1rNbGte35rYb,L1,L1:GDS-CALIB_STRAIN,None,{},11
57,420773954,{1},21793,1169509,76085226,1262369921.0625,1z5qE04WH3dKfAsFuOLt,L1,L1:GDS-CALIB_STRAIN,None,{L1:LSC-REFL_A_LF_OUT_DQ},6
58,420774036,"{0,1}",21793,1169509,76085038,1262389616.121093,xLIKPCBtlfMa9xnJG524,L1,L1:GDS-CALIB_STRAIN,None,"{L1:LSC-REFL_A_RF45_I_ERR_DQ,L1:ASC-REFL_A_RF9_Q_PIT_OUT_DQ}",11
59,420774015,{1},21793,1169509,76084860,1262814433.5625,2IlrQ32wd5nUcopo6v3r,H1,H1:GDS-CALIB_STRAIN,None,{H1:ASC-AS_A_RF45_I_YAW_OUT_DQ},5
60,420774086,"{0,1,2}",21793,1169509,76083890,1262800357.0625,mT1GO6AzOx8g4MxzvePe,H1,H1:GDS-CALIB_STRAIN,None,"{H1:ASC-AS_A_RF45_I_YAW_OUT_DQ,H1:ASC-SRC2_Y_OUT_DQ,H1:ASC-AS_A_RF45_I_PIT_OUT_DQ}",2
61,420774121,"{0,1,2}",21793,1169509,76085063,1262378423.0625,ocP6cYBaYy5FkevERjXP,L1,L1:GDS-CALIB_STRAIN,None,"{L1:LSC-REFL_A_LF_OUT_DQ,L1:LSC-REFL_A_RF9_Q_ERR_DQ,L1:PSL-ISS_PDB_REL_OUT_DQ}",11
62,420774168,{0},21793,1169509,76085771,1262389320.9375,XNm1Y6qJd5PnolmEfRXN,L1,L1:GDS-CALIB_STRAIN,None,{L1:PSL-ISS_PDB_REL_OUT_DQ},8
63,420774427,"{0,1,2}",21793,1169509,76085101,1262810060.6875,FnTUYS1pzZVBnuitS6M2,H1,H1:GDS-CALIB_STRAIN,None,"{H1:ASC-SRC2_Y_OUT_DQ,H1:ASC-AS_B_RF45_I_YAW_OUT_DQ,H1:ASC-AS_A_RF45_I_PIT_OUT_DQ}",8
64,420778610,{},21793,1169509,76085234,1262368351.5625,XO1fXR53D2WPfEv6D4CE,L1,L1:GDS-CALIB_STRAIN,None,{},6
65,420778354,{},21793,1169509,76084813,1262793070.3125,at0V2xU1EoBLPI3j6ten,H1,H1:GDS-CALIB_STRAIN,None,{},4
66,420778388,"{0,1}",21793,1169509,76085155,1262388759.4375,oBYh48vRBuw9o9BVHGY4,L1,L1:GDS-CALIB_STRAIN,None,"{L1:ASC-X_TR_B_YAW_OUT_DQ,L1:ASC-X_TR_A_NSUM_OUT_DQ}",4
67,420778420,"{0,1,2}",21793,1169509,76083613,1262809307.0625,FebnkaKK5XVzNMhCZO1M,H1,H1:GDS-CALIB_STRAIN,None,"{H1:ASC-AS_A_RF45_Q_PIT_OUT_DQ,H1:ASC-DHARD_P_OUT_DQ,H1:ASC-AS_B_RF45_I_YAW_OUT_DQ}",1
68,420778455,{},21793,1169509,76085220,1262364891.5625,FJOR0gP1SW8PnybkzSwf,L1,L1:GDS-CALIB_STRAIN,None,{},6
69,420778494,"{0,1,2}",21793,1169509,76084547,1262803273.125,9yXdTR7yg8eyaJ9zosfv,H1,H1:GDS-CALIB_STRAIN,None,"{H1:ASC-AS_A_RF45_Q_PIT_OUT_DQ,H1:ASC-DHARD_P_OUT_DQ,H1:ASC-AS_A_RF45_Q_YAW_OUT_DQ}",3
70,420778732,"{0,2}",21793,1169509,76083625,1262369397.8125,ztwVE13tXs44gYTJZEsq,L1,L1:GDS-CALIB_STRAIN,None,"{L1:LSC-REFL_A_LF_OUT_DQ,L1:PSL-ISS_PDB_REL_OUT_DQ}",1
71,420778541,{0},21793,1169509,76085118,1262371054.1875,HCIVBgB65RYaciJUWlws,L1,L1:GDS-CALIB_STRAIN,None,{L1:ASC-X_TR_A_PIT_OUT_DQ},2
72,420778572,"{0,1,2}",21793,1169509,76085232,1262382188.9375,gXVesn71wNz7M8qZJf7L,L1,L1:GDS-CALIB_STRAIN,None,"{L1:PSL-ISS_PDB_REL_OUT_DQ,L1:LSC-REFL_A_LF_OUT_DQ,L1:LSC-MICH_OUT_DQ}",6
73,420778594,"{0,1}",21793,1169509,76084870,1262801604.4375,yOW0ZVuBu6dilRrmpo8H,H1,H1:GDS-CALIB_STRAIN,None,"{H1:ASC-AS_B_RF45_I_YAW_OUT_DQ,H1:ASC-AS_A_RF45_I_PIT_OUT_DQ}",5
74,420779669,"{0,1,2}",21793,1169509,76083606,1262804840.1875,enA9Fxi0FuUiNiYEU7Hg,H1,H1:GDS-CALIB_STRAIN,None,"{H1:ASC-DHARD_Y_OUT_DQ,H1:ASC-AS_A_RF45_Q_YAW_OUT_DQ,H1:LSC-POP_A_LF_OUT_DQ}",1
75,420780262,{1},21793,386563,76084855,1262375565.9375,wcwt8b503AcUjeiJqeKc,L1,L1:GDS-CALIB_STRAIN,None,{L1:LSC-REFL_A_LF_OUT_DQ},10
76,420780597,{},21793,386563,76085222,1262370021.6875,UfvAZiZTGVviEVBBakOF,L1,L1:GDS-CALIB_STRAIN,None,{},6
77,420780643,"{0,1,2}",21793,386563,76084861,1262371057.625,0tpAL5uRYHMzycoTvA2W,L1,L1:GDS-CALIB_STRAIN,None,"{L1:HPI-HAM1_BLND_L4C_Z_IN1_DQ,L1:LSC-REFL_A_RF45_I_ERR_DQ,L1:PEM-CS_ACC_LVEAFLOOR_HAM1_Z_DQ}",10
78,420780666,"{0,2}",21793,386563,76085007,1262379405.09375,4zUPUWcfy2AvFlsKWoTM,L1,L1:GDS-CALIB_STRAIN,None,"{L1:IMC-REFL_DC_OUT_DQ,L1:LSC-PRCL_OUT_DQ}",11
79,431613960,"{0,1,2}",21793,2436154,79008479,1262813589.4375,hJjNUFVj8h4mGUym1St9,H1,H1:GDS-CALIB_STRAIN,None,"{H1:ASC-DHARD_Y_OUT_DQ,H1:ASC-AS_A_RF45_Q_YAW_OUT_DQ,H1:LSC-POP_A_LF_OUT_DQ}",1
324,437065838,{},21793,1494023,79008486,1262814241.4375,v7PTMKTSIX3bfo5EJVvB,H1,H1:GDS-CALIB_STRAIN,None,{},1
80,431613991,"{0,1,2}",21793,2436154,79008494,1262807482.625,nTEknDf9kiq0q6cx4INd,H1,H1:GDS-CALIB_STRAIN,None,"{H1:ASC-DHARD_Y_OUT_DQ,H1:ASC-AS_A_RF45_Q_YAW_OUT_DQ,H1:LSC-POP_A_LF_OUT_DQ}",1
81,431614004,"{0,1,2}",21793,2436154,79008482,1262806175.8125,3j8Pfz2Rw7DXVRrpAovN,H1,H1:GDS-CALIB_STRAIN,None,"{H1:ASC-DHARD_Y_OUT_DQ,H1:ASC-AS_A_RF45_Q_YAW_OUT_DQ,H1:LSC-POP_A_LF_OUT_DQ}",1
82,431614031,"{0,1,2}",21793,2436154,79008488,1262795817.9375,safmZSDyRNQfjee9KmfU,H1,H1:GDS-CALIB_STRAIN,None,"{H1:ASC-DHARD_Y_OUT_DQ,H1:ASC-AS_A_RF45_Q_YAW_OUT_DQ,H1:LSC-POP_A_LF_OUT_DQ}",1
83,431614074,"{0,1,2}",21793,2436154,79008474,1262796455.125,i9t3EFYyJmNCi2xdJlvn,H1,H1:GDS-CALIB_STRAIN,None,"{H1:ASC-AS_A_RF45_Q_PIT_OUT_DQ,H1:ASC-DHARD_P_OUT_DQ,H1:ASC-AS_B_RF45_I_YAW_OUT_DQ}",1
84,431614050,"{0,1,2}",21793,2436154,79017172,1262812025.9375,9Ef7HIDlCDcIUmzsAdkP,H1,H1:GDS-CALIB_STRAIN,None,"{H1:ASC-DHARD_Y_OUT_DQ,H1:ASC-AS_A_RF45_Q_YAW_OUT_DQ,H1:LSC-POP_A_LF_OUT_DQ}",1
85,431614131,"{0,1,2}",21793,2436154,79008484,1262806175.8125,3j8Pfz2Rw7DXVRrpAovN,H1,H1:GDS-CALIB_STRAIN,None,"{H1:ASC-Y_TR_A_NSUM_OUT_DQ,H1:ASC-AS_A_RF45_I_YAW_OUT_DQ,H1:ASC-AS_A_RF45_I_PIT_OUT_DQ}",1
86,431614089,"{0,1,2}",21793,2436154,79008481,1262813589.4375,hJjNUFVj8h4mGUym1St9,H1,H1:GDS-CALIB_STRAIN,None,"{H1:ASC-Y_TR_A_NSUM_OUT_DQ,H1:ASC-AS_A_RF45_I_YAW_OUT_DQ,H1:ASC-AS_A_RF45_I_PIT_OUT_DQ}",1
87,431614113,"{0,1,2}",21793,2436154,79008493,1262799565.9375,3nsITzWw9ot74zToHMIL,H1,H1:GDS-CALIB_STRAIN,None,"{H1:ASC-Y_TR_A_NSUM_OUT_DQ,H1:ASC-AS_A_RF45_I_YAW_OUT_DQ,H1:ASC-AS_A_RF45_I_PIT_OUT_DQ}",1
88,431614164,"{0,1,2}",21793,2436154,79008492,1262799565.9375,3nsITzWw9ot74zToHMIL,H1,H1:GDS-CALIB_STRAIN,None,"{H1:ASC-AS_A_RF45_Q_PIT_OUT_DQ,H1:ASC-DHARD_P_OUT_DQ,H1:ASC-AS_B_RF45_I_YAW_OUT_DQ}",1
89,431614182,"{0,1,2}",21793,2436154,79008478,1262805914.125,zGK01vjw7mR4MFnyWSWL,H1,H1:GDS-CALIB_STRAIN,None,"{H1:ASC-Y_TR_A_NSUM_OUT_DQ,H1:ASC-AS_A_RF45_I_YAW_OUT_DQ,H1:ASC-AS_A_RF45_I_PIT_OUT_DQ}",1
90,431614199,"{0,1,2}",21793,2436154,79008495,1262807482.625,nTEknDf9kiq0q6cx4INd,H1,H1:GDS-CALIB_STRAIN,None,"{H1:ASC-AS_A_RF45_Q_PIT_OUT_DQ,H1:ASC-DHARD_P_OUT_DQ,H1:ASC-AS_B_RF45_I_YAW_OUT_DQ}",1
91,431614216,"{0,1,2}",21793,2436154,79008497,1262798568.5625,VmEQev5Ze9ZtMEkMYqs7,H1,H1:GDS-CALIB_STRAIN,None,"{H1:ASC-DHARD_Y_OUT_DQ,H1:ASC-AS_A_RF45_Q_YAW_OUT_DQ,H1:LSC-POP_A_LF_OUT_DQ}",1
92,431614232,"{0,1,2}",21793,2436154,79008473,1262796455.125,i9t3EFYyJmNCi2xdJlvn,H1,H1:GDS-CALIB_STRAIN,None,"{H1:ASC-DHARD_Y_OUT_DQ,H1:ASC-AS_A_RF45_Q_YAW_OUT_DQ,H1:LSC-POP_A_LF_OUT_DQ}",1
93,431614241,"{0,1,2}",21793,2436154,79008477,1262805914.125,zGK01vjw7mR4MFnyWSWL,H1,H1:GDS-CALIB_STRAIN,None,"{H1:ASC-AS_A_RF45_Q_PIT_OUT_DQ,H1:ASC-DHARD_P_OUT_DQ,H1:ASC-AS_B_RF45_I_YAW_OUT_DQ}",1
94,431614260,"{1,2}",21793,2436154,79008475,1262796455.125,i9t3EFYyJmNCi2xdJlvn,H1,H1:GDS-CALIB_STRAIN,None,"{H1:ASC-AS_A_RF45_I_YAW_OUT_DQ,H1:ASC-AS_A_RF45_I_PIT_OUT_DQ}",1
95,431614276,"{0,1,2}",21793,2436154,79008485,1262814241.4375,v7PTMKTSIX3bfo5EJVvB,H1,H1:GDS-CALIB_STRAIN,None,"{H1:ASC-DHARD_Y_OUT_DQ,H1:ASC-AS_A_RF45_Q_YAW_OUT_DQ,H1:LSC-POP_A_LF_OUT_DQ}",1
96,431614290,"{0,1,2}",21793,2436154,79008496,1262807482.625,nTEknDf9kiq0q6cx4INd,H1,H1:GDS-CALIB_STRAIN,None,"{H1:ASC-Y_TR_A_NSUM_OUT_DQ,H1:ASC-AS_A_RF45_I_YAW_OUT_DQ,H1:ASC-AS_A_RF45_I_PIT_OUT_DQ}",1
97,431614317,{2},21793,2436154,79008483,1262806175.8125,3j8Pfz2Rw7DXVRrpAovN,H1,H1:GDS-CALIB_STRAIN,None,{H1:ASC-AS_B_RF45_I_YAW_OUT_DQ},1
98,431614328,"{0,1,2}",21793,2436154,79008480,1262813589.4375,hJjNUFVj8h4mGUym1St9,H1,H1:GDS-CALIB_STRAIN,None,"{H1:ASC-AS_A_RF45_Q_PIT_OUT_DQ,H1:ASC-DHARD_P_OUT_DQ,H1:ASC-AS_B_RF45_I_YAW_OUT_DQ}",1
99,431614345,"{0,1,2}",21793,2436154,79008491,1262799565.9375,3nsITzWw9ot74zToHMIL,H1,H1:GDS-CALIB_STRAIN,None,"{H1:ASC-DHARD_Y_OUT_DQ,H1:ASC-AS_A_RF45_Q_YAW_OUT_DQ,H1:LSC-POP_A_LF_OUT_DQ}",1
100,431614358,"{0,1,2}",21793,2436154,79008487,1262814241.4375,v7PTMKTSIX3bfo5EJVvB,H1,H1:GDS-CALIB_STRAIN,None,"{H1:ASC-Y_TR_A_NSUM_OUT_DQ,H1:ASC-AS_A_RF45_I_YAW_OUT_DQ,H1:ASC-AS_A_RF45_I_PIT_OUT_DQ}",1
101,431614373,{},21793,2436154,79008490,1262795817.9375,safmZSDyRNQfjee9KmfU,H1,H1:GDS-CALIB_STRAIN,None,{},1
102,431614383,"{0,1}",21793,2436154,79008489,1262795817.9375,safmZSDyRNQfjee9KmfU,H1,H1:GDS-CALIB_STRAIN,None,"{H1:ASC-AS_A_RF45_Q_PIT_OUT_DQ,H1:ASC-DHARD_P_OUT_DQ}",1
103,431614410,"{0,1,2}",21793,2436154,79008486,1262814241.4375,v7PTMKTSIX3bfo5EJVvB,H1,H1:GDS-CALIB_STRAIN,None,"{H1:ASC-AS_A_RF45_Q_PIT_OUT_DQ,H1:ASC-DHARD_P_OUT_DQ,H1:ASC-AS_B_RF45_I_YAW_OUT_DQ}",1
104,421209677,"{0,1}",21793,1169509,76085088,1262375161.53125,T09GXJrw0ce8zZMFOeFQ,L1,L1:GDS-CALIB_STRAIN,None,"{L1:ASC-X_TR_A_PIT_OUT_DQ,L1:ASC-X_TR_B_YAW_OUT_DQ}",2
105,421209649,{0},21793,1169509,76085541,1262377684.6875,kSYmUumG85BNXzrOqU7Z,L1,L1:GDS-CALIB_STRAIN,None,{L1:IMC-IM4_TRANS_YAW_OUT_DQ},7
106,421210092,{},21793,1169509,76085184,1262355363.1875,kKY40Zp7kWphXKImkMNg,L1,L1:GDS-CALIB_STRAIN,None,{},5
107,421210149,{0},21793,1169509,76084874,1262798559.625,1WK9iIVlatgiUvYY8EYA,H1,H1:GDS-CALIB_STRAIN,None,{H1:ASC-AS_B_RF45_I_YAW_OUT_DQ},5
108,421210225,{0},21793,1169509,76085787,1262382826.15625,YDuqA9GDNBoklSqoP5Fh,L1,L1:GDS-CALIB_STRAIN,None,{L1:ASC-AS_A_RF45_Q_YAW_OUT_DQ},9
109,421210276,{},21793,1169509,76085106,1262813052.125,vHEO7IoXD3TFuSewNa08,H1,H1:GDS-CALIB_STRAIN,None,{},8
110,421210260,{},21793,1169509,76085247,1262388897.1875,MHZnBXPodHmxU3SRFlix,L1,L1:GDS-CALIB_STRAIN,None,{},7
111,421210309,"{0,2}",21793,1169509,76084873,1262798559.625,1WK9iIVlatgiUvYY8EYA,H1,H1:GDS-CALIB_STRAIN,None,"{H1:ASC-DHARD_P_OUT_DQ,H1:ASC-SRC2_Y_OUT_DQ}",5
112,421210341,{0},21793,1169509,76083619,1262375504.4375,1jGjqSeTwJ6FlaoE2D7F,L1,L1:GDS-CALIB_STRAIN,None,{L1:LSC-REFL_A_LF_OUT_DQ},1
113,421211051,"{0,1}",21793,1169509,76084883,1262812905.9375,sTDw5GBUQNUxouH21gal,H1,H1:GDS-CALIB_STRAIN,None,"{H1:ASC-AS_B_RF45_I_YAW_OUT_DQ,H1:ASC-AS_A_RF45_I_PIT_OUT_DQ}",5
114,421211109,{},21793,1169509,76085207,1262359865.6875,zTmqNVrQtV0FYetRxl24,L1,L1:GDS-CALIB_STRAIN,None,{},5
115,421211229,{0},21793,1169509,76083976,1262794936.5625,bL100MWqJ0lOEgiOIJk9,H1,H1:GDS-CALIB_STRAIN,None,{H1:ASC-AS_A_RF45_I_YAW_OUT_DQ},2
116,421211247,{},21793,1169509,76083955,1262371427.3125,ZIaH6DY7UrEIj7OVkMD1,L1,L1:GDS-CALIB_STRAIN,None,{},1
117,421211311,"{0,1,2}",21793,1169509,76085746,1262388370.84375,UhNkaJ9LLm5MoanaGANA,L1,L1:GDS-CALIB_STRAIN,None,"{L1:LSC-MICH_OUT_DQ,L1:LSC-REFL_A_LF_OUT_DQ,L1:LSC-REFL_A_RF45_I_ERR_DQ}",8
118,421211400,{},21793,1169509,76084963,1262811795.3125,TlU7TatUPPTeVp3JcrFo,H1,H1:GDS-CALIB_STRAIN,None,{},6
119,421211396,{},21793,1169509,76085090,1262375161.53125,T09GXJrw0ce8zZMFOeFQ,L1,L1:GDS-CALIB_STRAIN,None,{},2
120,421211471,{1},21793,1169509,76085031,1262811995.0625,rknt0iI3LQbxbY8cLuch,H1,H1:GDS-CALIB_STRAIN,None,{H1:ASC-AS_A_RF45_I_YAW_OUT_DQ},6
121,421474225,"{0,1}",21793,2450285,76085204,1262366338.693359,8bBnFz4ndnQKonUOYr6y,L1,L1:GDS-CALIB_STRAIN,None,"{L1:LSC-REFL_A_LF_OUT_DQ,L1:LSC-MICH_IN1_DQ}",5
122,421474723,{},21793,2450285,76085049,1262387823.703125,6OCPiiSG2cSxJFbq2XZq,L1,L1:GDS-CALIB_STRAIN,None,{},11
123,421474728,{},21793,2450285,76085802,1262386609.4375,7WI17PyXVKwkJtof1lGm,L1,L1:GDS-CALIB_STRAIN,None,{},9
124,421474735,{},21793,2450285,76085027,1262813119.125,HoT7IQUJjpem5v2rL6cR,H1,H1:GDS-CALIB_STRAIN,None,{},6
125,421474754,{},21793,2450285,76085122,1262385728.8125,7yDjfuDegvUxsUIhIiXB,L1,L1:GDS-CALIB_STRAIN,None,{},2
126,421474758,{},21793,2450285,76085039,1262389616.121093,xLIKPCBtlfMa9xnJG524,L1,L1:GDS-CALIB_STRAIN,None,{},11
127,421474760,{},21793,2450285,76083612,1262809307.0625,FebnkaKK5XVzNMhCZO1M,H1,H1:GDS-CALIB_STRAIN,None,{},1
128,421488506,"{0,1}",21793,2450285,76084834,1262385699.5625,0Bv1f8kCkhBVFFuofFK0,L1,L1:GDS-CALIB_STRAIN,None,"{L1:HPI-HAM1_BLND_L4C_VP_IN1_DQ,L1:ASC-REFL_A_RF9_Q_PIT_OUT_DQ}",10
129,421490244,{1},21793,2450285,76085066,1262816620.0625,VvSgdN29CyWJrm5HbPiq,H1,H1:GDS-CALIB_STRAIN,None,{H1:ASC-AS_B_RF36_Q_PIT_OUT_DQ},7
130,421492843,"{0,1,2}",21793,2450285,76084784,1262808558.5625,4kOEVjgeTJWtOVFsZLZK,H1,H1:GDS-CALIB_STRAIN,None,"{H1:ASC-Y_TR_A_NSUM_OUT_DQ,H1:ASC-SRC2_Y_OUT_DQ,H1:ASC-AS_B_RF45_I_YAW_OUT_DQ}",3
131,421492894,"{0,1,2}",21793,2450285,76084835,1262798852.4375,6qRk9vBlq8ulaDvEm5h4,H1,H1:GDS-CALIB_STRAIN,None,"{H1:ASC-AS_A_RF45_I_YAW_OUT_DQ,H1:LSC-MICH_IN1_DQ,H1:LSC-POP_A_RF45_Q_ERR_DQ}",4
132,421492876,{},21793,2450285,76085735,1262384667.375,U1afilTWrtVngEgFYo8n,L1,L1:GDS-CALIB_STRAIN,None,{},8
133,421492940,"{0,1,2}",21793,2450285,76085024,1262388717.5625,01led6nSvC2PosDCbytM,L1,L1:GDS-CALIB_STRAIN,None,"{L1:LSC-REFL_A_LF_OUT_DQ,L1:LSC-REFL_A_RF9_Q_ERR_DQ,L1:PSL-ISS_PDB_REL_OUT_DQ}",11
134,421560697,"{0,2}",21793,386563,76085787,1262382826.15625,YDuqA9GDNBoklSqoP5Fh,L1,L1:GDS-CALIB_STRAIN,None,"{L1:ASC-AS_A_RF45_Q_YAW_OUT_DQ,L1:LSC-REFL_A_RF45_I_ERR_DQ}",9
135,421560725,"{0,1,2}",21793,386563,76085042,1262795310.6875,G8LshPyUUoVTKjxln3Ju,H1,H1:GDS-CALIB_STRAIN,None,"{H1:ASC-AS_B_RF45_I_YAW_OUT_DQ,H1:ASC-AS_B_RF36_Q_PIT_OUT_DQ,H1:ASC-AS_A_RF45_I_PIT_OUT_DQ}",7
136,421560810,{0},21793,386563,76083619,1262375504.4375,1jGjqSeTwJ6FlaoE2D7F,L1,L1:GDS-CALIB_STRAIN,None,{L1:LSC-REFL_A_LF_OUT_DQ},1
137,421560759,{0},21793,386563,76085186,1262358638.166015,vJwofKGRHzZZiAHHA63k,L1,L1:GDS-CALIB_STRAIN,None,{L1:LSC-REFL_A_LF_OUT_DQ},5
138,421560834,{},21793,386563,76085115,1262386000.9375,wrkNm0sfB6miFRdtT93A,L1,L1:GDS-CALIB_STRAIN,None,{},2
139,421560781,{},21793,386563,76085247,1262388897.1875,MHZnBXPodHmxU3SRFlix,L1,L1:GDS-CALIB_STRAIN,None,{},7
140,421560840,{},21793,386563,76085790,1262388231.6875,IeUnHlQsZaU2QCTAIOEk,L1,L1:GDS-CALIB_STRAIN,None,{},9
141,421560821,{0},21793,386563,76085203,1262366338.693359,8bBnFz4ndnQKonUOYr6y,L1,L1:GDS-CALIB_STRAIN,None,{L1:ASC-X_TR_A_NSUM_OUT_DQ},5
142,421560929,{},21793,386563,76085205,1262366338.693359,8bBnFz4ndnQKonUOYr6y,L1,L1:GDS-CALIB_STRAIN,None,{},5
143,421560968,{},21793,386563,76085055,1262377997.8125,mNXATUyiRSUZJAyRc1ga,L1,L1:GDS-CALIB_STRAIN,None,{},11
144,421560990,"{0,1,2}",21793,386563,76085101,1262810060.6875,FnTUYS1pzZVBnuitS6M2,H1,H1:GDS-CALIB_STRAIN,None,"{H1:ASC-SRC2_Y_OUT_DQ,H1:ASC-AS_B_RF45_I_YAW_OUT_DQ,H1:ASC-AS_A_RF45_I_PIT_OUT_DQ}",8
145,421561081,"{0,1,2}",21793,386563,76084547,1262803273.125,9yXdTR7yg8eyaJ9zosfv,H1,H1:GDS-CALIB_STRAIN,None,"{H1:ASC-AS_A_RF45_Q_PIT_OUT_DQ,H1:ASC-DHARD_P_OUT_DQ,H1:ASC-AS_A_RF45_Q_YAW_OUT_DQ}",3
146,421561046,"{0,1}",21793,386563,76085070,1262385863.9375,335MCf07DRQl4pefJd2a,L1,L1:GDS-CALIB_STRAIN,None,"{L1:ASC-X_TR_A_PIT_OUT_DQ,L1:ASC-X_TR_B_YAW_OUT_DQ}",2
147,421561053,{},21793,386563,76084875,1262798559.625,1WK9iIVlatgiUvYY8EYA,H1,H1:GDS-CALIB_STRAIN,None,{},5
148,436010552,{},21793,2409581,79008481,1262813589.4375,hJjNUFVj8h4mGUym1St9,H1,H1:GDS-CALIB_STRAIN,None,{},1
149,422495029,{},21793,2409581,76085129,1262365785.0625,OfSVQ8TiCUvicyEIeUaw,L1,L1:GDS-CALIB_STRAIN,None,{},3
150,422495050,"{0,1}",21793,2409581,76084833,1262798852.4375,6qRk9vBlq8ulaDvEm5h4,H1,H1:GDS-CALIB_STRAIN,None,"{H1:ASC-AS_B_RF45_I_YAW_OUT_DQ,H1:ASC-AS_A_RF45_I_PIT_OUT_DQ}",4
151,422495187,"{0,1}",21793,2409581,76084877,1262816278.3125,9jmaT2PaHl0BYcBSEZcE,H1,H1:GDS-CALIB_STRAIN,None,"{H1:ASC-AS_B_RF45_I_YAW_OUT_DQ,H1:ASC-AS_A_RF45_I_PIT_OUT_DQ}",5
152,423965411,"{0,1}",21793,2450285,76085226,1262369921.0625,1z5qE04WH3dKfAsFuOLt,L1,L1:GDS-CALIB_STRAIN,None,"{L1:PSL-ISS_PDB_REL_OUT_DQ,L1:LSC-REFL_A_LF_OUT_DQ}",6
153,424230283,"{0,1,2}",21793,1169509,76083604,1262814785.0625,AjH1ORLHMuX34N7P4Wlx,H1,H1:GDS-CALIB_STRAIN,None,"{H1:ASC-AS_A_RF45_Q_PIT_OUT_DQ,H1:ASC-DHARD_P_OUT_DQ,H1:ASC-AS_B_RF45_I_YAW_OUT_DQ}",1
154,424230155,"{0,1,2}",21793,1169509,76085751,1262388079.6875,DeQApZoHLWhqCnDJ0mXc,L1,L1:GDS-CALIB_STRAIN,None,"{L1:LSC-MICH_IN1_DQ,L1:LSC-POP_A_RF45_Q_ERR_DQ,L1:PSL-ISS_PDA_REL_OUT_DQ}",8
155,424230131,{},21793,1169509,76085741,1262382322.0625,akPJL51PlCn4hlSXIALS,L1,L1:GDS-CALIB_STRAIN,None,{},8
156,424230177,{},21793,1169509,76084686,1262795905.875,C3GXuMAg3JGPA3mBMfpA,H1,H1:GDS-CALIB_STRAIN,None,{},3
157,424230195,{},21793,1169509,76083938,1262371427.3125,ZIaH6DY7UrEIj7OVkMD1,L1,L1:GDS-CALIB_STRAIN,None,{},1
158,424230243,"{0,2}",21793,1169509,76085189,1262358678.593994,xghWdfdadDKOnA1oyLW7,L1,L1:GDS-CALIB_STRAIN,None,"{L1:LSC-REFL_A_LF_OUT_DQ,L1:PSL-ISS_PDA_REL_OUT_DQ}",5
159,425126048,{},21793,737501,76084834,1262385699.5625,0Bv1f8kCkhBVFFuofFK0,L1,L1:GDS-CALIB_STRAIN,None,{},10
160,425125971,"{0,1,2}",21793,737501,76083632,1262808811.4375,nGJmxDRH1ZhPAQo7JZcD,H1,H1:GDS-CALIB_STRAIN,None,"{H1:ASC-Y_TR_A_NSUM_OUT_DQ,H1:ASC-AS_A_RF45_I_YAW_OUT_DQ,H1:ASC-AS_A_RF45_I_PIT_OUT_DQ}",1
161,425127735,{},21793,2409581,76085083,1262791262.625,aP76cqjgeCGwiROl1sgB,H1,H1:GDS-CALIB_STRAIN,None,{},8
162,425127736,"{0,1,2}",21793,2409581,76085140,1262388403.84375,fFWM0AvNpm6g7AQ5Wa9k,L1,L1:GDS-CALIB_STRAIN,None,"{L1:SUS-ITMX_L3_OPLEV_SUM_OUT_DQ,L1:SUS-ITMX_L3_OPLEV_YAW_OUT_DQ,L1:SUS-ITMX_L3_OPLEV_PIT_OUT_DQ}",3
163,426827838,{},21793,2436154,76085033,1262368145.5625,NbHaUYtoC2a1K6DrsCrm,L1,L1:GDS-CALIB_STRAIN,None,{},11
164,426827487,"{0,1,2}",21793,2436154,76083609,1262812147.8125,07XNRh8OSocwbXd878nE,H1,H1:GDS-CALIB_STRAIN,None,"{H1:ASC-DHARD_Y_OUT_DQ,H1:ASC-AS_A_RF45_Q_YAW_OUT_DQ,H1:LSC-POP_A_LF_OUT_DQ}",1
165,426827579,"{0,1,2}",21793,2436154,76085752,1262388079.6875,DeQApZoHLWhqCnDJ0mXc,L1,L1:GDS-CALIB_STRAIN,None,"{L1:LSC-MICH_OUT_DQ,L1:LSC-REFL_A_LF_OUT_DQ,L1:LSC-REFL_A_RF45_I_ERR_DQ}",8
166,426827702,{0},21793,2436154,76083872,1262800357.0625,mT1GO6AzOx8g4MxzvePe,H1,H1:GDS-CALIB_STRAIN,None,{H1:LSC-POP_A_LF_OUT_DQ},2
167,426827827,{},21793,2436154,76084826,1262365125.8125,aNNlbPWuDsTH0BWQK6pg,L1,L1:GDS-CALIB_STRAIN,None,{},10
168,426827789,{2},21793,2436154,76085049,1262387823.703125,6OCPiiSG2cSxJFbq2XZq,L1,L1:GDS-CALIB_STRAIN,None,{L1:LSC-PRCL_OUT_DQ},11
169,426828684,"{0,1,2}",21793,2436154,76085735,1262384667.375,U1afilTWrtVngEgFYo8n,L1,L1:GDS-CALIB_STRAIN,None,"{L1:LSC-MICH_IN1_DQ,L1:LSC-POP_A_RF45_Q_ERR_DQ,L1:PSL-ISS_PDA_REL_OUT_DQ}",8
170,426828766,{},21793,2436154,76085006,1262379405.09375,4zUPUWcfy2AvFlsKWoTM,L1,L1:GDS-CALIB_STRAIN,None,{},11
171,426828805,{},21793,2436154,76085246,1262388897.1875,MHZnBXPodHmxU3SRFlix,L1,L1:GDS-CALIB_STRAIN,None,{},7
172,426829382,"{0,2}",21793,2436154,76085017,1262807991.4375,Tvih2j8OlJ51Yg1M7ym9,H1,H1:GDS-CALIB_STRAIN,None,"{H1:ASC-Y_TR_A_NSUM_OUT_DQ,H1:ASC-AS_A_RF45_I_PIT_OUT_DQ}",6
173,426829233,{},21793,2436154,76084058,1262371874.8125,5cCBifrQrJipz21Sam5e,L1,L1:GDS-CALIB_STRAIN,None,{},1
174,426828963,{0},21793,2436154,76085046,1262791411.375,9EoBGA827uAnkFBNaCOw,H1,H1:GDS-CALIB_STRAIN,None,{H1:ASC-AS_A_RF45_I_YAW_OUT_DQ},7
175,426829049,{1},21793,2436154,76085180,1262383009.3125,00fUnVHhQrTCmYjmwlmI,L1,L1:GDS-CALIB_STRAIN,None,{L1:LSC-REFL_A_LF_OUT_DQ},4
176,426829076,{},21793,2436154,76085801,1262385689.6875,XzAc4nbNUaN71Ae8NqHd,L1,L1:GDS-CALIB_STRAIN,None,{},9
177,426829131,{},21793,2436154,76085078,1262795317.3125,L8GWfUFuSjtrj6eZ8V9w,H1,H1:GDS-CALIB_STRAIN,None,{},8
178,426829296,"{0,2}",21793,2436154,76085798,1262389697.1875,H8zvccTn8h5g4oURKnSg,L1,L1:GDS-CALIB_STRAIN,None,"{L1:LSC-REFL_A_LF_OUT_DQ,L1:PSL-ISS_PDB_REL_OUT_DQ}",9
179,426829761,{0},21793,2436154,76085172,1262382599.5625,JsCVru3YyDYHaLPi4vTe,L1,L1:GDS-CALIB_STRAIN,None,{L1:ASC-AS_A_RF45_Q_YAW_OUT_DQ},4
180,426829219,"{0,1,2}",21793,2436154,76085152,1262378226.625,7AQwFrVrxE8XWIeR0TMr,L1,L1:GDS-CALIB_STRAIN,None,"{L1:SUS-ITMX_L3_OPLEV_SUM_OUT_DQ,L1:SUS-ITMX_L3_OPLEV_YAW_OUT_DQ,L1:SUS-ITMX_L3_OPLEV_PIT_OUT_DQ}",3
181,426829412,{},21793,2436154,76085729,1262366029.125,Raxlal1wSkOw11oYkg1P,L1,L1:GDS-CALIB_STRAIN,None,{},7
182,426829536,"{0,1,2}",21793,2436154,76083616,1262808230.3125,m3A8OtOlWPENbadHdw41,H1,H1:GDS-CALIB_STRAIN,None,"{H1:ASC-AS_A_RF45_Q_PIT_OUT_DQ,H1:ASC-DHARD_P_OUT_DQ,H1:ASC-AS_B_RF45_I_YAW_OUT_DQ}",1
183,426829564,{},21793,2436154,76085533,1262377684.6875,kSYmUumG85BNXzrOqU7Z,L1,L1:GDS-CALIB_STRAIN,None,{},7
184,426829623,"{0,1,2}",21793,2436154,76083604,1262814785.0625,AjH1ORLHMuX34N7P4Wlx,H1,H1:GDS-CALIB_STRAIN,None,"{H1:ASC-AS_A_RF45_Q_PIT_OUT_DQ,H1:ASC-DHARD_P_OUT_DQ,H1:ASC-AS_B_RF45_I_YAW_OUT_DQ}",1
185,426829650,{},21793,2436154,76084851,1262802272.6875,AjG71fkiXL5EuAZtTITy,H1,H1:GDS-CALIB_STRAIN,None,{},5
186,426829700,{},21793,2436154,76085055,1262377997.8125,mNXATUyiRSUZJAyRc1ga,L1,L1:GDS-CALIB_STRAIN,None,{},11
187,426829936,"{0,1,2}",21793,2436154,76084413,1262812993.6875,ATQ54DRGPTZaYK6TyXBB,H1,H1:GDS-CALIB_STRAIN,None,"{H1:ASC-AS_A_RF45_I_YAW_OUT_DQ,H1:ASC-SRC2_Y_OUT_DQ,H1:ASC-AS_A_RF45_I_PIT_OUT_DQ}",2
188,426829974,"{0,1,2}",21793,2436154,76085147,1262378133.1875,8tTsC2JmAvpZ3nWGAHu5,L1,L1:GDS-CALIB_STRAIN,None,"{L1:LSC-MICH_IN1_DQ,L1:LSC-POP_A_RF45_Q_ERR_DQ,L1:LSC-MICH_OUT_DQ}",3
189,434900485,"{0,1,2}",21793,2390285,79008474,1262796455.125,i9t3EFYyJmNCi2xdJlvn,H1,H1:GDS-CALIB_STRAIN,None,"{H1:ASC-AS_A_RF45_Q_PIT_OUT_DQ,H1:ASC-DHARD_P_OUT_DQ,H1:ASC-AS_B_RF45_I_YAW_OUT_DQ}",1
190,434900623,{},21793,2390285,79008484,1262806175.8125,3j8Pfz2Rw7DXVRrpAovN,H1,H1:GDS-CALIB_STRAIN,None,{},1
191,434900247,"{0,1,2}",21793,2390285,79008475,1262796455.125,i9t3EFYyJmNCi2xdJlvn,H1,H1:GDS-CALIB_STRAIN,None,"{H1:ASC-Y_TR_A_NSUM_OUT_DQ,H1:ASC-AS_A_RF45_I_YAW_OUT_DQ,H1:ASC-AS_A_RF45_I_PIT_OUT_DQ}",1
192,434900344,"{0,1,2}",21793,2390285,79008480,1262813589.4375,hJjNUFVj8h4mGUym1St9,H1,H1:GDS-CALIB_STRAIN,None,"{H1:ASC-AS_A_RF45_Q_PIT_OUT_DQ,H1:ASC-DHARD_P_OUT_DQ,H1:ASC-AS_B_RF45_I_YAW_OUT_DQ}",1
193,434900302,"{0,1,2}",21793,2390285,79008473,1262796455.125,i9t3EFYyJmNCi2xdJlvn,H1,H1:GDS-CALIB_STRAIN,None,"{H1:ASC-DHARD_Y_OUT_DQ,H1:ASC-AS_A_RF45_Q_YAW_OUT_DQ,H1:LSC-POP_A_LF_OUT_DQ}",1
194,434900608,"{0,1}",21793,2390285,79008488,1262795817.9375,safmZSDyRNQfjee9KmfU,H1,H1:GDS-CALIB_STRAIN,None,"{H1:ASC-DHARD_Y_OUT_DQ,H1:ASC-AS_A_RF45_Q_YAW_OUT_DQ}",1
195,434900282,"{0,1,2}",21793,2390285,79008477,1262805914.125,zGK01vjw7mR4MFnyWSWL,H1,H1:GDS-CALIB_STRAIN,None,"{H1:ASC-AS_A_RF45_Q_PIT_OUT_DQ,H1:ASC-DHARD_P_OUT_DQ,H1:ASC-AS_B_RF45_I_YAW_OUT_DQ}",1
196,434900433,"{0,1,2}",21793,2390285,79008495,1262807482.625,nTEknDf9kiq0q6cx4INd,H1,H1:GDS-CALIB_STRAIN,None,"{H1:ASC-AS_A_RF45_Q_PIT_OUT_DQ,H1:ASC-DHARD_P_OUT_DQ,H1:ASC-AS_B_RF45_I_YAW_OUT_DQ}",1
197,434900441,"{0,1,2}",21793,2390285,79008491,1262799565.9375,3nsITzWw9ot74zToHMIL,H1,H1:GDS-CALIB_STRAIN,None,"{H1:ASC-DHARD_Y_OUT_DQ,H1:ASC-AS_A_RF45_Q_YAW_OUT_DQ,H1:LSC-POP_A_LF_OUT_DQ}",1
198,434900452,"{0,1,2}",21793,2390285,79008487,1262814241.4375,v7PTMKTSIX3bfo5EJVvB,H1,H1:GDS-CALIB_STRAIN,None,"{H1:ASC-Y_TR_A_NSUM_OUT_DQ,H1:ASC-AS_A_RF45_I_YAW_OUT_DQ,H1:ASC-AS_A_RF45_I_PIT_OUT_DQ}",1
199,434900461,"{0,1,2}",21793,2390285,79008486,1262814241.4375,v7PTMKTSIX3bfo5EJVvB,H1,H1:GDS-CALIB_STRAIN,None,"{H1:ASC-AS_A_RF45_Q_PIT_OUT_DQ,H1:ASC-DHARD_P_OUT_DQ,H1:ASC-AS_B_RF45_I_YAW_OUT_DQ}",1
200,434900469,"{0,1,2}",21793,2390285,79017172,1262812025.9375,9Ef7HIDlCDcIUmzsAdkP,H1,H1:GDS-CALIB_STRAIN,None,"{H1:ASC-DHARD_Y_OUT_DQ,H1:ASC-AS_A_RF45_Q_YAW_OUT_DQ,H1:LSC-POP_A_LF_OUT_DQ}",1
201,434900475,"{0,1,2}",21793,2390285,79008496,1262807482.625,nTEknDf9kiq0q6cx4INd,H1,H1:GDS-CALIB_STRAIN,None,"{H1:ASC-Y_TR_A_NSUM_OUT_DQ,H1:ASC-AS_A_RF45_I_YAW_OUT_DQ,H1:ASC-AS_A_RF45_I_PIT_OUT_DQ}",1
202,434900493,"{0,1,2}",21793,2390285,79008492,1262799565.9375,3nsITzWw9ot74zToHMIL,H1,H1:GDS-CALIB_STRAIN,None,"{H1:ASC-AS_A_RF45_Q_PIT_OUT_DQ,H1:ASC-DHARD_P_OUT_DQ,H1:ASC-AS_B_RF45_I_YAW_OUT_DQ}",1
203,434900543,{},21793,2390285,79008490,1262795817.9375,safmZSDyRNQfjee9KmfU,H1,H1:GDS-CALIB_STRAIN,None,{},1
204,434900505,"{0,1}",21793,2390285,79008489,1262795817.9375,safmZSDyRNQfjee9KmfU,H1,H1:GDS-CALIB_STRAIN,None,"{H1:ASC-AS_A_RF45_Q_PIT_OUT_DQ,H1:ASC-DHARD_P_OUT_DQ}",1
205,434900535,{},21793,2390285,79008482,1262806175.8125,3j8Pfz2Rw7DXVRrpAovN,H1,H1:GDS-CALIB_STRAIN,None,{},1
206,434900562,"{0,1}",21793,2390285,79008478,1262805914.125,zGK01vjw7mR4MFnyWSWL,H1,H1:GDS-CALIB_STRAIN,None,"{H1:ASC-Y_TR_A_NSUM_OUT_DQ,H1:ASC-AS_A_RF45_I_YAW_OUT_DQ}",1
207,434900572,"{0,1,2}",21793,2390285,79008481,1262813589.4375,hJjNUFVj8h4mGUym1St9,H1,H1:GDS-CALIB_STRAIN,None,"{H1:ASC-Y_TR_A_NSUM_OUT_DQ,H1:ASC-AS_A_RF45_I_YAW_OUT_DQ,H1:ASC-AS_A_RF45_I_PIT_OUT_DQ}",1
208,434900579,"{0,1,2}",21793,2390285,79008479,1262813589.4375,hJjNUFVj8h4mGUym1St9,H1,H1:GDS-CALIB_STRAIN,None,"{H1:ASC-DHARD_Y_OUT_DQ,H1:ASC-AS_A_RF45_Q_YAW_OUT_DQ,H1:LSC-POP_A_LF_OUT_DQ}",1
209,434900590,{2},21793,2390285,79008483,1262806175.8125,3j8Pfz2Rw7DXVRrpAovN,H1,H1:GDS-CALIB_STRAIN,None,{H1:ASC-AS_B_RF45_I_YAW_OUT_DQ},1
210,434900597,"{0,1,2}",21793,2390285,79008493,1262799565.9375,3nsITzWw9ot74zToHMIL,H1,H1:GDS-CALIB_STRAIN,None,"{H1:ASC-Y_TR_A_NSUM_OUT_DQ,H1:ASC-AS_A_RF45_I_YAW_OUT_DQ,H1:ASC-AS_A_RF45_I_PIT_OUT_DQ}",1
211,434900630,{},21793,2390285,79008494,1262807482.625,nTEknDf9kiq0q6cx4INd,H1,H1:GDS-CALIB_STRAIN,None,{},1
212,434900674,"{0,1,2}",21793,2390285,79008497,1262798568.5625,VmEQev5Ze9ZtMEkMYqs7,H1,H1:GDS-CALIB_STRAIN,None,"{H1:ASC-DHARD_Y_OUT_DQ,H1:ASC-AS_A_RF45_Q_YAW_OUT_DQ,H1:LSC-POP_A_LF_OUT_DQ}",1
213,434900362,"{0,1,2}",21793,2390285,79008485,1262814241.4375,v7PTMKTSIX3bfo5EJVvB,H1,H1:GDS-CALIB_STRAIN,None,"{H1:ASC-DHARD_Y_OUT_DQ,H1:ASC-AS_A_RF45_Q_YAW_OUT_DQ,H1:LSC-POP_A_LF_OUT_DQ}",1
214,435720885,"{0,1,2}",21793,1455701,79008474,1262796455.125,i9t3EFYyJmNCi2xdJlvn,H1,H1:GDS-CALIB_STRAIN,None,"{H1:ASC-AS_A_RF45_Q_PIT_OUT_DQ,H1:ASC-DHARD_P_OUT_DQ,H1:ASC-AS_B_RF45_I_YAW_OUT_DQ}",1
215,435720987,"{0,1,2}",21793,1455701,79008480,1262813589.4375,hJjNUFVj8h4mGUym1St9,H1,H1:GDS-CALIB_STRAIN,None,"{H1:ASC-AS_A_RF45_Q_PIT_OUT_DQ,H1:ASC-DHARD_P_OUT_DQ,H1:ASC-AS_B_RF45_I_YAW_OUT_DQ}",1
216,435720981,"{0,1,2}",21793,1455701,79008495,1262807482.625,nTEknDf9kiq0q6cx4INd,H1,H1:GDS-CALIB_STRAIN,None,"{H1:ASC-AS_A_RF45_Q_PIT_OUT_DQ,H1:ASC-DHARD_P_OUT_DQ,H1:ASC-AS_B_RF45_I_YAW_OUT_DQ}",1
217,435720940,"{0,1,2}",21793,1455701,79008497,1262798568.5625,VmEQev5Ze9ZtMEkMYqs7,H1,H1:GDS-CALIB_STRAIN,None,"{H1:ASC-DHARD_Y_OUT_DQ,H1:ASC-AS_A_RF45_Q_YAW_OUT_DQ,H1:LSC-POP_A_LF_OUT_DQ}",1
218,435720967,"{0,1,2}",21793,1455701,79008484,1262806175.8125,3j8Pfz2Rw7DXVRrpAovN,H1,H1:GDS-CALIB_STRAIN,None,"{H1:ASC-Y_TR_A_NSUM_OUT_DQ,H1:ASC-AS_A_RF45_I_YAW_OUT_DQ,H1:ASC-AS_A_RF45_I_PIT_OUT_DQ}",1
219,435721010,"{1,2}",21793,1455701,79017172,1262812025.9375,9Ef7HIDlCDcIUmzsAdkP,H1,H1:GDS-CALIB_STRAIN,None,"{H1:ASC-AS_A_RF45_Q_YAW_OUT_DQ,H1:LSC-POP_A_LF_OUT_DQ}",1
220,435721138,{},21793,1455701,79008490,1262795817.9375,safmZSDyRNQfjee9KmfU,H1,H1:GDS-CALIB_STRAIN,None,{},1
221,435721021,"{0,1,2}",21793,1455701,79008493,1262799565.9375,3nsITzWw9ot74zToHMIL,H1,H1:GDS-CALIB_STRAIN,None,"{H1:ASC-Y_TR_A_NSUM_OUT_DQ,H1:ASC-AS_A_RF45_I_YAW_OUT_DQ,H1:ASC-AS_A_RF45_I_PIT_OUT_DQ}",1
222,435721037,"{0,1,2}",21793,1455701,79008491,1262799565.9375,3nsITzWw9ot74zToHMIL,H1,H1:GDS-CALIB_STRAIN,None,"{H1:ASC-DHARD_Y_OUT_DQ,H1:ASC-AS_A_RF45_Q_YAW_OUT_DQ,H1:LSC-POP_A_LF_OUT_DQ}",1
223,435721046,"{0,1,2}",21793,1455701,79008494,1262807482.625,nTEknDf9kiq0q6cx4INd,H1,H1:GDS-CALIB_STRAIN,None,"{H1:ASC-DHARD_Y_OUT_DQ,H1:ASC-AS_A_RF45_Q_YAW_OUT_DQ,H1:LSC-POP_A_LF_OUT_DQ}",1
224,435721054,"{0,1,2}",21793,1455701,79008492,1262799565.9375,3nsITzWw9ot74zToHMIL,H1,H1:GDS-CALIB_STRAIN,None,"{H1:ASC-AS_A_RF45_Q_PIT_OUT_DQ,H1:ASC-DHARD_P_OUT_DQ,H1:ASC-AS_B_RF45_I_YAW_OUT_DQ}",1
225,435721067,"{0,1,2}",21793,1455701,79008487,1262814241.4375,v7PTMKTSIX3bfo5EJVvB,H1,H1:GDS-CALIB_STRAIN,None,"{H1:ASC-Y_TR_A_NSUM_OUT_DQ,H1:ASC-AS_A_RF45_I_YAW_OUT_DQ,H1:ASC-AS_A_RF45_I_PIT_OUT_DQ}",1
226,435721086,"{1,2}",21793,1455701,79008475,1262796455.125,i9t3EFYyJmNCi2xdJlvn,H1,H1:GDS-CALIB_STRAIN,None,"{H1:ASC-AS_A_RF45_I_YAW_OUT_DQ,H1:ASC-AS_A_RF45_I_PIT_OUT_DQ}",1
227,435721094,"{1,2}",21793,1455701,79008482,1262806175.8125,3j8Pfz2Rw7DXVRrpAovN,H1,H1:GDS-CALIB_STRAIN,None,"{H1:ASC-AS_A_RF45_Q_YAW_OUT_DQ,H1:LSC-POP_A_LF_OUT_DQ}",1
228,435721212,"{0,1,2}",21793,1455701,79008483,1262806175.8125,3j8Pfz2Rw7DXVRrpAovN,H1,H1:GDS-CALIB_STRAIN,None,"{H1:ASC-AS_A_RF45_Q_PIT_OUT_DQ,H1:ASC-DHARD_P_OUT_DQ,H1:ASC-AS_B_RF45_I_YAW_OUT_DQ}",1
229,435721105,"{0,1,2}",21793,1455701,79008473,1262796455.125,i9t3EFYyJmNCi2xdJlvn,H1,H1:GDS-CALIB_STRAIN,None,"{H1:ASC-DHARD_Y_OUT_DQ,H1:ASC-AS_A_RF45_Q_YAW_OUT_DQ,H1:LSC-POP_A_LF_OUT_DQ}",1
230,435721128,"{0,1,2}",21793,1455701,79008479,1262813589.4375,hJjNUFVj8h4mGUym1St9,H1,H1:GDS-CALIB_STRAIN,None,"{H1:ASC-DHARD_Y_OUT_DQ,H1:ASC-AS_A_RF45_Q_YAW_OUT_DQ,H1:LSC-POP_A_LF_OUT_DQ}",1
231,435721200,{},21793,1455701,79008485,1262814241.4375,v7PTMKTSIX3bfo5EJVvB,H1,H1:GDS-CALIB_STRAIN,None,{},1
232,435721153,"{0,1,2}",21793,1455701,79008496,1262807482.625,nTEknDf9kiq0q6cx4INd,H1,H1:GDS-CALIB_STRAIN,None,"{H1:ASC-Y_TR_A_NSUM_OUT_DQ,H1:ASC-AS_A_RF45_I_YAW_OUT_DQ,H1:ASC-AS_A_RF45_I_PIT_OUT_DQ}",1
233,435721169,"{0,1}",21793,1455701,79008478,1262805914.125,zGK01vjw7mR4MFnyWSWL,H1,H1:GDS-CALIB_STRAIN,None,"{H1:ASC-Y_TR_A_NSUM_OUT_DQ,H1:ASC-AS_A_RF45_I_YAW_OUT_DQ}",1
234,435721223,"{0,1,2}",21793,1455701,79008481,1262813589.4375,hJjNUFVj8h4mGUym1St9,H1,H1:GDS-CALIB_STRAIN,None,"{H1:ASC-Y_TR_A_NSUM_OUT_DQ,H1:ASC-AS_A_RF45_I_YAW_OUT_DQ,H1:ASC-AS_A_RF45_I_PIT_OUT_DQ}",1
235,435721187,"{0,1,2}",21793,1455701,79008477,1262805914.125,zGK01vjw7mR4MFnyWSWL,H1,H1:GDS-CALIB_STRAIN,None,"{H1:ASC-AS_A_RF45_Q_PIT_OUT_DQ,H1:ASC-DHARD_P_OUT_DQ,H1:ASC-AS_B_RF45_I_YAW_OUT_DQ}",1
236,435721232,"{0,1,2}",21793,1455701,79008489,1262795817.9375,safmZSDyRNQfjee9KmfU,H1,H1:GDS-CALIB_STRAIN,None,"{H1:ASC-AS_A_RF45_Q_PIT_OUT_DQ,H1:ASC-DHARD_P_OUT_DQ,H1:ASC-AS_B_RF45_I_YAW_OUT_DQ}",1
237,436009925,"{0,1,2}",21793,2409581,79008477,1262805914.125,zGK01vjw7mR4MFnyWSWL,H1,H1:GDS-CALIB_STRAIN,None,"{H1:ASC-AS_A_RF45_Q_PIT_OUT_DQ,H1:ASC-DHARD_P_OUT_DQ,H1:ASC-AS_B_RF45_I_YAW_OUT_DQ}",1
238,436009869,"{0,1,2}",21793,2409581,79008487,1262814241.4375,v7PTMKTSIX3bfo5EJVvB,H1,H1:GDS-CALIB_STRAIN,None,"{H1:ASC-Y_TR_A_NSUM_OUT_DQ,H1:ASC-AS_A_RF45_I_YAW_OUT_DQ,H1:ASC-AS_A_RF45_I_PIT_OUT_DQ}",1
239,436009897,"{0,1,2}",21793,2409581,79008486,1262814241.4375,v7PTMKTSIX3bfo5EJVvB,H1,H1:GDS-CALIB_STRAIN,None,"{H1:ASC-AS_A_RF45_Q_PIT_OUT_DQ,H1:ASC-DHARD_P_OUT_DQ,H1:ASC-AS_B_RF45_I_YAW_OUT_DQ}",1
240,436009942,"{0,1,2}",21793,2409581,79017172,1262812025.9375,9Ef7HIDlCDcIUmzsAdkP,H1,H1:GDS-CALIB_STRAIN,None,"{H1:ASC-DHARD_Y_OUT_DQ,H1:ASC-AS_A_RF45_Q_YAW_OUT_DQ,H1:LSC-POP_A_LF_OUT_DQ}",1
241,436010196,"{0,1,2}",21793,2409581,79008483,1262806175.8125,3j8Pfz2Rw7DXVRrpAovN,H1,H1:GDS-CALIB_STRAIN,None,"{H1:ASC-AS_A_RF45_Q_PIT_OUT_DQ,H1:ASC-DHARD_P_OUT_DQ,H1:ASC-AS_B_RF45_I_YAW_OUT_DQ}",1
242,436010186,"{0,1,2}",21793,2409581,79008495,1262807482.625,nTEknDf9kiq0q6cx4INd,H1,H1:GDS-CALIB_STRAIN,None,"{H1:ASC-AS_A_RF45_Q_PIT_OUT_DQ,H1:ASC-DHARD_P_OUT_DQ,H1:ASC-AS_B_RF45_I_YAW_OUT_DQ}",1
243,436010224,"{0,1,2}",21793,2409581,79008485,1262814241.4375,v7PTMKTSIX3bfo5EJVvB,H1,H1:GDS-CALIB_STRAIN,None,"{H1:ASC-DHARD_Y_OUT_DQ,H1:ASC-AS_A_RF45_Q_YAW_OUT_DQ,H1:LSC-POP_A_LF_OUT_DQ}",1
244,436010246,"{0,1,2}",21793,2409581,79008489,1262795817.9375,safmZSDyRNQfjee9KmfU,H1,H1:GDS-CALIB_STRAIN,None,"{H1:ASC-AS_A_RF45_Q_PIT_OUT_DQ,H1:ASC-DHARD_P_OUT_DQ,H1:ASC-AS_B_RF45_I_YAW_OUT_DQ}",1
245,436010577,"{0,1}",21793,2409581,79008488,1262795817.9375,safmZSDyRNQfjee9KmfU,H1,H1:GDS-CALIB_STRAIN,None,"{H1:ASC-DHARD_Y_OUT_DQ,H1:ASC-AS_A_RF45_Q_YAW_OUT_DQ}",1
246,436010526,"{0,1,2}",21793,2409581,79008491,1262799565.9375,3nsITzWw9ot74zToHMIL,H1,H1:GDS-CALIB_STRAIN,None,"{H1:ASC-DHARD_Y_OUT_DQ,H1:ASC-AS_A_RF45_Q_YAW_OUT_DQ,H1:LSC-POP_A_LF_OUT_DQ}",1
247,436010547,"{0,1,2}",21793,2409581,79008475,1262796455.125,i9t3EFYyJmNCi2xdJlvn,H1,H1:GDS-CALIB_STRAIN,None,"{H1:ASC-Y_TR_A_NSUM_OUT_DQ,H1:ASC-AS_A_RF45_I_YAW_OUT_DQ,H1:ASC-AS_A_RF45_I_PIT_OUT_DQ}",1
248,436010621,"{1,2}",21793,2409581,79008490,1262795817.9375,safmZSDyRNQfjee9KmfU,H1,H1:GDS-CALIB_STRAIN,None,"{H1:ASC-AS_A_RF45_I_YAW_OUT_DQ,H1:ASC-AS_A_RF45_I_PIT_OUT_DQ}",1
249,436010694,"{0,1}",21793,2409581,79008497,1262798568.5625,VmEQev5Ze9ZtMEkMYqs7,H1,H1:GDS-CALIB_STRAIN,None,"{H1:ASC-DHARD_Y_OUT_DQ,H1:ASC-AS_A_RF45_Q_YAW_OUT_DQ}",1
250,436010728,"{0,1}",21793,2409581,79008484,1262806175.8125,3j8Pfz2Rw7DXVRrpAovN,H1,H1:GDS-CALIB_STRAIN,None,"{H1:ASC-Y_TR_A_NSUM_OUT_DQ,H1:ASC-AS_A_RF45_I_YAW_OUT_DQ}",1
251,436010753,"{0,1}",21793,2409581,79008496,1262807482.625,nTEknDf9kiq0q6cx4INd,H1,H1:GDS-CALIB_STRAIN,None,"{H1:ASC-Y_TR_A_NSUM_OUT_DQ,H1:ASC-AS_A_RF45_I_YAW_OUT_DQ}",1
252,436010782,"{0,1}",21793,2409581,79008474,1262796455.125,i9t3EFYyJmNCi2xdJlvn,H1,H1:GDS-CALIB_STRAIN,None,"{H1:ASC-AS_A_RF45_Q_PIT_OUT_DQ,H1:ASC-DHARD_P_OUT_DQ}",1
253,436010883,"{0,1,2}",21793,2409581,79008494,1262807482.625,nTEknDf9kiq0q6cx4INd,H1,H1:GDS-CALIB_STRAIN,None,"{H1:ASC-DHARD_Y_OUT_DQ,H1:ASC-AS_A_RF45_Q_YAW_OUT_DQ,H1:LSC-POP_A_LF_OUT_DQ}",1
254,436755682,"{0,1,2}",21793,1169509,79008473,1262796455.125,i9t3EFYyJmNCi2xdJlvn,H1,H1:GDS-CALIB_STRAIN,None,"{H1:ASC-DHARD_Y_OUT_DQ,H1:ASC-AS_A_RF45_Q_YAW_OUT_DQ,H1:LSC-POP_A_LF_OUT_DQ}",1
255,436755541,"{0,1,2}",21793,1169509,79008497,1262798568.5625,VmEQev5Ze9ZtMEkMYqs7,H1,H1:GDS-CALIB_STRAIN,None,"{H1:ASC-DHARD_Y_OUT_DQ,H1:ASC-AS_A_RF45_Q_YAW_OUT_DQ,H1:LSC-POP_A_LF_OUT_DQ}",1
256,436755522,"{0,1,2}",21793,1169509,79008479,1262813589.4375,hJjNUFVj8h4mGUym1St9,H1,H1:GDS-CALIB_STRAIN,None,"{H1:ASC-DHARD_Y_OUT_DQ,H1:ASC-AS_A_RF45_Q_YAW_OUT_DQ,H1:LSC-POP_A_LF_OUT_DQ}",1
257,436755557,"{0,1,2}",21793,1169509,79008492,1262799565.9375,3nsITzWw9ot74zToHMIL,H1,H1:GDS-CALIB_STRAIN,None,"{H1:ASC-AS_A_RF45_Q_PIT_OUT_DQ,H1:ASC-DHARD_P_OUT_DQ,H1:ASC-AS_B_RF45_I_YAW_OUT_DQ}",1
258,436755571,"{0,1,2}",21793,1169509,79017172,1262812025.9375,9Ef7HIDlCDcIUmzsAdkP,H1,H1:GDS-CALIB_STRAIN,None,"{H1:ASC-DHARD_Y_OUT_DQ,H1:ASC-AS_A_RF45_Q_YAW_OUT_DQ,H1:LSC-POP_A_LF_OUT_DQ}",1
259,436755579,"{0,1,2}",21793,1169509,79008493,1262799565.9375,3nsITzWw9ot74zToHMIL,H1,H1:GDS-CALIB_STRAIN,None,"{H1:ASC-Y_TR_A_NSUM_OUT_DQ,H1:ASC-AS_A_RF45_I_YAW_OUT_DQ,H1:ASC-AS_A_RF45_I_PIT_OUT_DQ}",1
260,436755706,"{0,1,2}",21793,1169509,79008480,1262813589.4375,hJjNUFVj8h4mGUym1St9,H1,H1:GDS-CALIB_STRAIN,None,"{H1:ASC-AS_A_RF45_Q_PIT_OUT_DQ,H1:ASC-DHARD_P_OUT_DQ,H1:ASC-AS_B_RF45_I_YAW_OUT_DQ}",1
261,436755586,"{0,1,2}",21793,1169509,79008481,1262813589.4375,hJjNUFVj8h4mGUym1St9,H1,H1:GDS-CALIB_STRAIN,None,"{H1:ASC-Y_TR_A_NSUM_OUT_DQ,H1:ASC-AS_A_RF45_I_YAW_OUT_DQ,H1:ASC-AS_A_RF45_I_PIT_OUT_DQ}",1
262,436755749,"{0,1,2}",21793,1169509,79008483,1262806175.8125,3j8Pfz2Rw7DXVRrpAovN,H1,H1:GDS-CALIB_STRAIN,None,"{H1:ASC-AS_A_RF45_Q_PIT_OUT_DQ,H1:ASC-DHARD_P_OUT_DQ,H1:ASC-AS_B_RF45_I_YAW_OUT_DQ}",1
263,436755590,"{0,1,2}",21793,1169509,79008494,1262807482.625,nTEknDf9kiq0q6cx4INd,H1,H1:GDS-CALIB_STRAIN,None,"{H1:ASC-DHARD_Y_OUT_DQ,H1:ASC-AS_A_RF45_Q_YAW_OUT_DQ,H1:LSC-POP_A_LF_OUT_DQ}",1
264,436755595,"{0,1,2}",21793,1169509,79008474,1262796455.125,i9t3EFYyJmNCi2xdJlvn,H1,H1:GDS-CALIB_STRAIN,None,"{H1:ASC-AS_A_RF45_Q_PIT_OUT_DQ,H1:ASC-DHARD_P_OUT_DQ,H1:ASC-AS_B_RF45_I_YAW_OUT_DQ}",1
265,436755659,"{0,1,2}",21793,1169509,79008486,1262814241.4375,v7PTMKTSIX3bfo5EJVvB,H1,H1:GDS-CALIB_STRAIN,None,"{H1:ASC-AS_A_RF45_Q_PIT_OUT_DQ,H1:ASC-DHARD_P_OUT_DQ,H1:ASC-AS_B_RF45_I_YAW_OUT_DQ}",1
266,436755615,"{0,1,2}",21793,1169509,79008478,1262805914.125,zGK01vjw7mR4MFnyWSWL,H1,H1:GDS-CALIB_STRAIN,None,"{H1:ASC-Y_TR_A_NSUM_OUT_DQ,H1:ASC-AS_A_RF45_I_YAW_OUT_DQ,H1:ASC-AS_A_RF45_I_PIT_OUT_DQ}",1
267,436755624,"{0,1,2}",21793,1169509,79008488,1262795817.9375,safmZSDyRNQfjee9KmfU,H1,H1:GDS-CALIB_STRAIN,None,"{H1:ASC-DHARD_Y_OUT_DQ,H1:ASC-AS_A_RF45_Q_YAW_OUT_DQ,H1:LSC-POP_A_LF_OUT_DQ}",1
268,436755697,"{0,1,2}",21793,1169509,79008487,1262814241.4375,v7PTMKTSIX3bfo5EJVvB,H1,H1:GDS-CALIB_STRAIN,None,"{H1:ASC-Y_TR_A_NSUM_OUT_DQ,H1:ASC-AS_A_RF45_I_YAW_OUT_DQ,H1:ASC-AS_A_RF45_I_PIT_OUT_DQ}",1
269,436755646,"{0,1,2}",21793,1169509,79008489,1262795817.9375,safmZSDyRNQfjee9KmfU,H1,H1:GDS-CALIB_STRAIN,None,"{H1:ASC-AS_A_RF45_Q_PIT_OUT_DQ,H1:ASC-DHARD_P_OUT_DQ,H1:ASC-AS_B_RF45_I_YAW_OUT_DQ}",1
270,436755675,"{0,1,2}",21793,1169509,79008484,1262806175.8125,3j8Pfz2Rw7DXVRrpAovN,H1,H1:GDS-CALIB_STRAIN,None,"{H1:ASC-Y_TR_A_NSUM_OUT_DQ,H1:ASC-AS_A_RF45_I_YAW_OUT_DQ,H1:ASC-AS_A_RF45_I_PIT_OUT_DQ}",1
271,436755720,"{0,1,2}",21793,1169509,79008491,1262799565.9375,3nsITzWw9ot74zToHMIL,H1,H1:GDS-CALIB_STRAIN,None,"{H1:ASC-DHARD_Y_OUT_DQ,H1:ASC-AS_A_RF45_Q_YAW_OUT_DQ,H1:LSC-POP_A_LF_OUT_DQ}",1
272,436755745,"{0,1,2}",21793,1169509,79008482,1262806175.8125,3j8Pfz2Rw7DXVRrpAovN,H1,H1:GDS-CALIB_STRAIN,None,"{H1:ASC-DHARD_Y_OUT_DQ,H1:ASC-AS_A_RF45_Q_YAW_OUT_DQ,H1:LSC-POP_A_LF_OUT_DQ}",1
273,436755689,"{0,1,2}",21793,1169509,79008485,1262814241.4375,v7PTMKTSIX3bfo5EJVvB,H1,H1:GDS-CALIB_STRAIN,None,"{H1:ASC-DHARD_Y_OUT_DQ,H1:ASC-AS_A_RF45_Q_YAW_OUT_DQ,H1:LSC-POP_A_LF_OUT_DQ}",1
274,436755710,"{0,1,2}",21793,1169509,79008495,1262807482.625,nTEknDf9kiq0q6cx4INd,H1,H1:GDS-CALIB_STRAIN,None,"{H1:ASC-AS_A_RF45_Q_PIT_OUT_DQ,H1:ASC-DHARD_P_OUT_DQ,H1:ASC-AS_B_RF45_I_YAW_OUT_DQ}",1
275,436755791,"{0,1}",21793,1169509,79008490,1262795817.9375,safmZSDyRNQfjee9KmfU,H1,H1:GDS-CALIB_STRAIN,None,"{H1:ASC-Y_TR_A_NSUM_OUT_DQ,H1:ASC-AS_A_RF45_I_YAW_OUT_DQ}",1
276,436755731,"{0,1,2}",21793,1169509,79008496,1262807482.625,nTEknDf9kiq0q6cx4INd,H1,H1:GDS-CALIB_STRAIN,None,"{H1:ASC-Y_TR_A_NSUM_OUT_DQ,H1:ASC-AS_A_RF45_I_YAW_OUT_DQ,H1:ASC-AS_A_RF45_I_PIT_OUT_DQ}",1
277,436755737,"{0,1,2}",21793,1169509,79008475,1262796455.125,i9t3EFYyJmNCi2xdJlvn,H1,H1:GDS-CALIB_STRAIN,None,"{H1:ASC-Y_TR_A_NSUM_OUT_DQ,H1:ASC-AS_A_RF45_I_YAW_OUT_DQ,H1:ASC-AS_A_RF45_I_PIT_OUT_DQ}",1
278,436755798,"{0,1,2}",21793,1169509,79008477,1262805914.125,zGK01vjw7mR4MFnyWSWL,H1,H1:GDS-CALIB_STRAIN,None,"{H1:ASC-AS_A_RF45_Q_PIT_OUT_DQ,H1:ASC-DHARD_P_OUT_DQ,H1:ASC-AS_B_RF45_I_YAW_OUT_DQ}",1
279,436860173,{},21793,2481378,79008487,1262814241.4375,v7PTMKTSIX3bfo5EJVvB,H1,H1:GDS-CALIB_STRAIN,None,{},1
280,436860470,{},21793,2481378,79008490,1262795817.9375,safmZSDyRNQfjee9KmfU,H1,H1:GDS-CALIB_STRAIN,None,{},1
281,436860100,{},21793,2481378,79008489,1262795817.9375,safmZSDyRNQfjee9KmfU,H1,H1:GDS-CALIB_STRAIN,None,{},1
282,436860084,{},21793,2481378,79008478,1262805914.125,zGK01vjw7mR4MFnyWSWL,H1,H1:GDS-CALIB_STRAIN,None,{},1
283,436860029,"{0,1,2}",21793,2481378,79008494,1262807482.625,nTEknDf9kiq0q6cx4INd,H1,H1:GDS-CALIB_STRAIN,None,"{H1:ASC-DHARD_Y_OUT_DQ,H1:ASC-AS_A_RF45_Q_YAW_OUT_DQ,H1:LSC-POP_A_LF_OUT_DQ}",1
284,436860055,"{0,1}",21793,2481378,79008483,1262806175.8125,3j8Pfz2Rw7DXVRrpAovN,H1,H1:GDS-CALIB_STRAIN,None,"{H1:ASC-AS_A_RF45_Q_PIT_OUT_DQ,H1:ASC-DHARD_P_OUT_DQ}",1
285,436860180,"{1,2}",21793,2481378,79008475,1262796455.125,i9t3EFYyJmNCi2xdJlvn,H1,H1:GDS-CALIB_STRAIN,None,"{H1:ASC-AS_A_RF45_I_YAW_OUT_DQ,H1:ASC-AS_A_RF45_I_PIT_OUT_DQ}",1
286,436860129,"{0,1,2}",21793,2481378,79008473,1262796455.125,i9t3EFYyJmNCi2xdJlvn,H1,H1:GDS-CALIB_STRAIN,None,"{H1:ASC-DHARD_Y_OUT_DQ,H1:ASC-AS_A_RF45_Q_YAW_OUT_DQ,H1:LSC-POP_A_LF_OUT_DQ}",1
287,436860231,{},21793,2481378,79008484,1262806175.8125,3j8Pfz2Rw7DXVRrpAovN,H1,H1:GDS-CALIB_STRAIN,None,{},1
288,436860153,"{0,1,2}",21793,2481378,79008497,1262798568.5625,VmEQev5Ze9ZtMEkMYqs7,H1,H1:GDS-CALIB_STRAIN,None,"{H1:ASC-DHARD_Y_OUT_DQ,H1:ASC-AS_A_RF45_Q_YAW_OUT_DQ,H1:LSC-POP_A_LF_OUT_DQ}",1
289,436860164,{},21793,2481378,79008477,1262805914.125,zGK01vjw7mR4MFnyWSWL,H1,H1:GDS-CALIB_STRAIN,None,{},1
290,436860237,{},21793,2481378,79008493,1262799565.9375,3nsITzWw9ot74zToHMIL,H1,H1:GDS-CALIB_STRAIN,None,{},1
291,436860413,{},21793,2481378,79008488,1262795817.9375,safmZSDyRNQfjee9KmfU,H1,H1:GDS-CALIB_STRAIN,None,{},1
292,436860347,{},21793,2481378,79008496,1262807482.625,nTEknDf9kiq0q6cx4INd,H1,H1:GDS-CALIB_STRAIN,None,{},1
293,436860197,{},21793,2481378,79008486,1262814241.4375,v7PTMKTSIX3bfo5EJVvB,H1,H1:GDS-CALIB_STRAIN,None,{},1
294,436860223,{},21793,2481378,79008491,1262799565.9375,3nsITzWw9ot74zToHMIL,H1,H1:GDS-CALIB_STRAIN,None,{},1
295,436860318,"{0,1,2}",21793,2481378,79008481,1262813589.4375,hJjNUFVj8h4mGUym1St9,H1,H1:GDS-CALIB_STRAIN,None,"{H1:ASC-Y_TR_A_NSUM_OUT_DQ,H1:ASC-AS_A_RF45_I_YAW_OUT_DQ,H1:ASC-AS_A_RF45_I_PIT_OUT_DQ}",1
296,436860385,"{0,1,2}",21793,2481378,79008474,1262796455.125,i9t3EFYyJmNCi2xdJlvn,H1,H1:GDS-CALIB_STRAIN,None,"{H1:ASC-AS_A_RF45_Q_PIT_OUT_DQ,H1:ASC-DHARD_P_OUT_DQ,H1:ASC-AS_B_RF45_I_YAW_OUT_DQ}",1
297,436860368,"{0,2}",21793,2481378,79008492,1262799565.9375,3nsITzWw9ot74zToHMIL,H1,H1:GDS-CALIB_STRAIN,None,"{H1:ASC-AS_A_RF45_Q_PIT_OUT_DQ,H1:ASC-AS_B_RF45_I_YAW_OUT_DQ}",1
298,436860398,{},21793,2481378,79008482,1262806175.8125,3j8Pfz2Rw7DXVRrpAovN,H1,H1:GDS-CALIB_STRAIN,None,{},1
299,436860424,"{0,1,2}",21793,2481378,79008480,1262813589.4375,hJjNUFVj8h4mGUym1St9,H1,H1:GDS-CALIB_STRAIN,None,"{H1:ASC-AS_A_RF45_Q_PIT_OUT_DQ,H1:ASC-DHARD_P_OUT_DQ,H1:ASC-AS_B_RF45_I_YAW_OUT_DQ}",1
300,436860452,"{1,2}",21793,2481378,79017172,1262812025.9375,9Ef7HIDlCDcIUmzsAdkP,H1,H1:GDS-CALIB_STRAIN,None,"{H1:ASC-AS_A_RF45_Q_YAW_OUT_DQ,H1:LSC-POP_A_LF_OUT_DQ}",1
301,436860436,"{0,1,2}",21793,2481378,79008479,1262813589.4375,hJjNUFVj8h4mGUym1St9,H1,H1:GDS-CALIB_STRAIN,None,"{H1:ASC-DHARD_Y_OUT_DQ,H1:ASC-AS_A_RF45_Q_YAW_OUT_DQ,H1:LSC-POP_A_LF_OUT_DQ}",1
302,436860477,{},21793,2481378,79008485,1262814241.4375,v7PTMKTSIX3bfo5EJVvB,H1,H1:GDS-CALIB_STRAIN,None,{},1
303,436860461,{},21793,2481378,79008495,1262807482.625,nTEknDf9kiq0q6cx4INd,H1,H1:GDS-CALIB_STRAIN,None,{},1
304,436956713,"{0,1,2}",21793,796717,79008492,1262799565.9375,3nsITzWw9ot74zToHMIL,H1,H1:GDS-CALIB_STRAIN,None,"{H1:ASC-AS_A_RF45_Q_PIT_OUT_DQ,H1:ASC-DHARD_P_OUT_DQ,H1:ASC-AS_B_RF45_I_YAW_OUT_DQ}",1
305,436956777,"{0,1,2}",21793,796717,79008479,1262813589.4375,hJjNUFVj8h4mGUym1St9,H1,H1:GDS-CALIB_STRAIN,None,"{H1:ASC-DHARD_Y_OUT_DQ,H1:ASC-AS_A_RF45_Q_YAW_OUT_DQ,H1:LSC-POP_A_LF_OUT_DQ}",1
306,436956827,"{0,1,2}",21793,796717,79008487,1262814241.4375,v7PTMKTSIX3bfo5EJVvB,H1,H1:GDS-CALIB_STRAIN,None,"{H1:ASC-Y_TR_A_NSUM_OUT_DQ,H1:ASC-AS_A_RF45_I_YAW_OUT_DQ,H1:ASC-AS_A_RF45_I_PIT_OUT_DQ}",1
307,436956902,"{0,1,2}",21793,796717,79008486,1262814241.4375,v7PTMKTSIX3bfo5EJVvB,H1,H1:GDS-CALIB_STRAIN,None,"{H1:ASC-AS_A_RF45_Q_PIT_OUT_DQ,H1:ASC-DHARD_P_OUT_DQ,H1:ASC-AS_B_RF45_I_YAW_OUT_DQ}",1
308,436956934,"{0,1,2}",21793,796717,79017172,1262812025.9375,9Ef7HIDlCDcIUmzsAdkP,H1,H1:GDS-CALIB_STRAIN,None,"{H1:ASC-DHARD_Y_OUT_DQ,H1:ASC-AS_A_RF45_Q_YAW_OUT_DQ,H1:LSC-POP_A_LF_OUT_DQ}",1
309,437065511,"{0,1,2}",21793,1494023,79008496,1262807482.625,nTEknDf9kiq0q6cx4INd,H1,H1:GDS-CALIB_STRAIN,None,"{H1:ASC-Y_TR_A_NSUM_OUT_DQ,H1:ASC-AS_A_RF45_I_YAW_OUT_DQ,H1:ASC-AS_A_RF45_I_PIT_OUT_DQ}",1
310,437065485,"{0,1}",21793,1494023,79008483,1262806175.8125,3j8Pfz2Rw7DXVRrpAovN,H1,H1:GDS-CALIB_STRAIN,None,"{H1:ASC-AS_A_RF45_Q_PIT_OUT_DQ,H1:ASC-DHARD_P_OUT_DQ}",1
311,437065560,"{0,1,2}",21793,1494023,79008493,1262799565.9375,3nsITzWw9ot74zToHMIL,H1,H1:GDS-CALIB_STRAIN,None,"{H1:ASC-Y_TR_A_NSUM_OUT_DQ,H1:ASC-AS_A_RF45_I_YAW_OUT_DQ,H1:ASC-AS_A_RF45_I_PIT_OUT_DQ}",1
312,437065572,"{0,1,2}",21793,1494023,79008481,1262813589.4375,hJjNUFVj8h4mGUym1St9,H1,H1:GDS-CALIB_STRAIN,None,"{H1:ASC-Y_TR_A_NSUM_OUT_DQ,H1:ASC-AS_A_RF45_I_YAW_OUT_DQ,H1:ASC-AS_A_RF45_I_PIT_OUT_DQ}",1
313,437065612,{},21793,1494023,79008488,1262795817.9375,safmZSDyRNQfjee9KmfU,H1,H1:GDS-CALIB_STRAIN,None,{},1
314,437065600,"{1,2}",21793,1494023,79017172,1262812025.9375,9Ef7HIDlCDcIUmzsAdkP,H1,H1:GDS-CALIB_STRAIN,None,"{H1:ASC-AS_A_RF45_Q_YAW_OUT_DQ,H1:LSC-POP_A_LF_OUT_DQ}",1
315,437065630,"{0,1,2}",21793,1494023,79008478,1262805914.125,zGK01vjw7mR4MFnyWSWL,H1,H1:GDS-CALIB_STRAIN,None,"{H1:ASC-Y_TR_A_NSUM_OUT_DQ,H1:ASC-AS_A_RF45_I_YAW_OUT_DQ,H1:ASC-AS_A_RF45_I_PIT_OUT_DQ}",1
316,437065645,"{0,1,2}",21793,1494023,79008473,1262796455.125,i9t3EFYyJmNCi2xdJlvn,H1,H1:GDS-CALIB_STRAIN,None,"{H1:ASC-DHARD_Y_OUT_DQ,H1:ASC-AS_A_RF45_Q_YAW_OUT_DQ,H1:LSC-POP_A_LF_OUT_DQ}",1
317,437065666,"{1,2}",21793,1494023,79008482,1262806175.8125,3j8Pfz2Rw7DXVRrpAovN,H1,H1:GDS-CALIB_STRAIN,None,"{H1:ASC-AS_A_RF45_Q_YAW_OUT_DQ,H1:LSC-POP_A_LF_OUT_DQ}",1
318,437065700,"{0,1}",21793,1494023,79008491,1262799565.9375,3nsITzWw9ot74zToHMIL,H1,H1:GDS-CALIB_STRAIN,None,"{H1:ASC-DHARD_Y_OUT_DQ,H1:ASC-AS_A_RF45_Q_YAW_OUT_DQ}",1
319,437065730,"{0,1,2}",21793,1494023,79008495,1262807482.625,nTEknDf9kiq0q6cx4INd,H1,H1:GDS-CALIB_STRAIN,None,"{H1:ASC-AS_A_RF45_Q_PIT_OUT_DQ,H1:ASC-DHARD_P_OUT_DQ,H1:ASC-AS_B_RF45_I_YAW_OUT_DQ}",1
320,437065865,{},21793,1494023,79008485,1262814241.4375,v7PTMKTSIX3bfo5EJVvB,H1,H1:GDS-CALIB_STRAIN,None,{},1
321,437065771,"{0,1}",21793,1494023,79008489,1262795817.9375,safmZSDyRNQfjee9KmfU,H1,H1:GDS-CALIB_STRAIN,None,"{H1:ASC-AS_A_RF45_Q_PIT_OUT_DQ,H1:ASC-DHARD_P_OUT_DQ}",1
322,437065805,"{0,1,2}",21793,1494023,79008479,1262813589.4375,hJjNUFVj8h4mGUym1St9,H1,H1:GDS-CALIB_STRAIN,None,"{H1:ASC-DHARD_Y_OUT_DQ,H1:ASC-AS_A_RF45_Q_YAW_OUT_DQ,H1:LSC-POP_A_LF_OUT_DQ}",1
323,437065903,{},21793,1494023,79008490,1262795817.9375,safmZSDyRNQfjee9KmfU,H1,H1:GDS-CALIB_STRAIN,None,{},1
325,437065853,"{0,1,2}",21793,1494023,79008497,1262798568.5625,VmEQev5Ze9ZtMEkMYqs7,H1,H1:GDS-CALIB_STRAIN,None,"{H1:ASC-DHARD_Y_OUT_DQ,H1:ASC-AS_A_RF45_Q_YAW_OUT_DQ,H1:LSC-POP_A_LF_OUT_DQ}",1
326,437065886,{},21793,1494023,79008487,1262814241.4375,v7PTMKTSIX3bfo5EJVvB,H1,H1:GDS-CALIB_STRAIN,None,{},1
327,437065917,"{0,1,2}",21793,1494023,79008494,1262807482.625,nTEknDf9kiq0q6cx4INd,H1,H1:GDS-CALIB_STRAIN,None,"{H1:ASC-DHARD_Y_OUT_DQ,H1:ASC-AS_A_RF45_Q_YAW_OUT_DQ,H1:LSC-POP_A_LF_OUT_DQ}",1
328,437065938,"{0,1,2}",21793,1494023,79008484,1262806175.8125,3j8Pfz2Rw7DXVRrpAovN,H1,H1:GDS-CALIB_STRAIN,None,"{H1:ASC-Y_TR_A_NSUM_OUT_DQ,H1:ASC-AS_A_RF45_I_YAW_OUT_DQ,H1:ASC-AS_A_RF45_I_PIT_OUT_DQ}",1
329,437065955,"{0,1,2}",21793,1494023,79008475,1262796455.125,i9t3EFYyJmNCi2xdJlvn,H1,H1:GDS-CALIB_STRAIN,None,"{H1:ASC-Y_TR_A_NSUM_OUT_DQ,H1:ASC-AS_A_RF45_I_YAW_OUT_DQ,H1:ASC-AS_A_RF45_I_PIT_OUT_DQ}",1
330,437065964,"{0,1,2}",21793,1494023,79008474,1262796455.125,i9t3EFYyJmNCi2xdJlvn,H1,H1:GDS-CALIB_STRAIN,None,"{H1:ASC-AS_A_RF45_Q_PIT_OUT_DQ,H1:ASC-DHARD_P_OUT_DQ,H1:ASC-AS_B_RF45_I_YAW_OUT_DQ}",1
331,437066009,{},21793,1494023,79008480,1262813589.4375,hJjNUFVj8h4mGUym1St9,H1,H1:GDS-CALIB_STRAIN,None,{},1
332,437066006,"{0,1}",21793,1494023,79008477,1262805914.125,zGK01vjw7mR4MFnyWSWL,H1,H1:GDS-CALIB_STRAIN,None,"{H1:ASC-AS_A_RF45_Q_PIT_OUT_DQ,H1:ASC-DHARD_P_OUT_DQ}",1
333,437066058,"{0,2}",21793,1494023,79008492,1262799565.9375,3nsITzWw9ot74zToHMIL,H1,H1:GDS-CALIB_STRAIN,None,"{H1:ASC-AS_A_RF45_Q_PIT_OUT_DQ,H1:ASC-AS_B_RF45_I_YAW_OUT_DQ}",1
334,437066096,"{0,1,2}",21793,1494023,79008474,1262796455.125,i9t3EFYyJmNCi2xdJlvn,H1,H1:GDS-CALIB_STRAIN,None,"{H1:ASC-AS_A_RF45_Q_PIT_OUT_DQ,H1:ASC-DHARD_P_OUT_DQ,H1:ASC-AS_B_RF45_I_YAW_OUT_DQ}",1
335,437182752,"{0,1,2}",21793,2409581,79008482,1262806175.8125,3j8Pfz2Rw7DXVRrpAovN,H1,H1:GDS-CALIB_STRAIN,None,"{H1:ASC-DHARD_Y_OUT_DQ,H1:ASC-AS_A_RF45_Q_YAW_OUT_DQ,H1:LSC-POP_A_LF_OUT_DQ}",1
336,437182818,"{0,1,2}",21793,2409581,79008478,1262805914.125,zGK01vjw7mR4MFnyWSWL,H1,H1:GDS-CALIB_STRAIN,None,"{H1:ASC-Y_TR_A_NSUM_OUT_DQ,H1:ASC-AS_A_RF45_I_YAW_OUT_DQ,H1:ASC-AS_A_RF45_I_PIT_OUT_DQ}",1
337,437182773,"{0,1,2}",21793,2409581,79008473,1262796455.125,i9t3EFYyJmNCi2xdJlvn,H1,H1:GDS-CALIB_STRAIN,None,"{H1:ASC-DHARD_Y_OUT_DQ,H1:ASC-AS_A_RF45_Q_YAW_OUT_DQ,H1:LSC-POP_A_LF_OUT_DQ}",1
338,437182799,"{0,1,2}",21793,2409581,79008479,1262813589.4375,hJjNUFVj8h4mGUym1St9,H1,H1:GDS-CALIB_STRAIN,None,"{H1:ASC-DHARD_Y_OUT_DQ,H1:ASC-AS_A_RF45_Q_YAW_OUT_DQ,H1:LSC-POP_A_LF_OUT_DQ}",1
339,437182881,"{0,1,2}",21793,2409581,79008493,1262799565.9375,3nsITzWw9ot74zToHMIL,H1,H1:GDS-CALIB_STRAIN,None,"{H1:ASC-Y_TR_A_NSUM_OUT_DQ,H1:ASC-AS_A_RF45_I_YAW_OUT_DQ,H1:ASC-AS_A_RF45_I_PIT_OUT_DQ}",1
340,437182938,"{1,2}",21793,2409581,79008492,1262799565.9375,3nsITzWw9ot74zToHMIL,H1,H1:GDS-CALIB_STRAIN,None,"{H1:ASC-DHARD_P_OUT_DQ,H1:ASC-AS_B_RF45_I_YAW_OUT_DQ}",1
341,437182939,"{1,2}",21793,2409581,79008480,1262813589.4375,hJjNUFVj8h4mGUym1St9,H1,H1:GDS-CALIB_STRAIN,None,"{H1:ASC-DHARD_P_OUT_DQ,H1:ASC-AS_B_RF45_I_YAW_OUT_DQ}",1
342,438420695,"{1,2}",21793,2450285,79017172,1262812025.9375,9Ef7HIDlCDcIUmzsAdkP,H1,H1:GDS-CALIB_STRAIN,None,"{H1:ASC-AS_A_RF45_Q_YAW_OUT_DQ,H1:LSC-POP_A_LF_OUT_DQ}",1
343,438420649,{},21793,2450285,79008474,1262796455.125,i9t3EFYyJmNCi2xdJlvn,H1,H1:GDS-CALIB_STRAIN,None,{},1
344,438420677,{0},21793,2450285,79008484,1262806175.8125,3j8Pfz2Rw7DXVRrpAovN,H1,H1:GDS-CALIB_STRAIN,None,{H1:ASC-Y_TR_A_NSUM_OUT_DQ},1
